HRBP,VENTMACH,VENTTUBE,ANAPHYLAXIS,PULMEMBOLUS,ERRCAUTER,INSUFFANESTH,LVFAILURE,LVEDVOLUME,INTUBATION,EXPCO2,PVSAT,PAP,CO,MINVOL,HRSAT,HREKG,PCWP,KINKEDTUBE,VENTALV,SHUNT,TPR,VENTLUNG,ARTCO2,HR,FIO2,CVP,SAO2,PRESS,HYPOVOLEMIA,CATECHOL,DISCONNECT
LOW,HIGH,HIGH,False,False,True,False,False,NORMAL,NORMAL,LOW,HIGH,NORMAL,NORMAL,HIGH,LOW,HIGH,NORMAL,False,HIGH,NORMAL,HIGH,LOW,LOW,NORMAL,NORMAL,NORMAL,HIGH,LOW,False,NORMAL,False
HIGH,HIGH,HIGH,False,False,True,False,False,NORMAL,NORMAL,LOW,HIGH,NORMAL,HIGH,HIGH,NORMAL,NORMAL,NORMAL,False,HIGH,NORMAL,NORMAL,LOW,LOW,HIGH,NORMAL,NORMAL,HIGH,LOW,False,HIGH,False
HIGH,HIGH,HIGH,False,False,False,False,False,NORMAL,NORMAL,LOW,HIGH,NORMAL,HIGH,HIGH,HIGH,HIGH,NORMAL,False,HIGH,NORMAL,NORMAL,LOW,LOW,HIGH,NORMAL,NORMAL,HIGH,LOW,False,HIGH,False
HIGH,HIGH,HIGH,False,False,False,False,False,NORMAL,NORMAL,LOW,HIGH,NORMAL,HIGH,HIGH,HIGH,HIGH,NORMAL,False,HIGH,NORMAL,LOW,LOW,LOW,HIGH,NORMAL,NORMAL,HIGH,LOW,False,HIGH,False
HIGH,HIGH,NORMAL,False,False,False,False,False,HIGH,NORMAL,HIGH,LOW,NORMAL,HIGH,LOW,HIGH,HIGH,HIGH,False,LOW,NORMAL,NORMAL,HIGH,HIGH,HIGH,NORMAL,NORMAL,LOW,HIGH,True,HIGH,True
LOW,HIGH,NORMAL,False,False,False,False,False,NORMAL,NORMAL,HIGH,LOW,HIGH,LOW,LOW,LOW,LOW,NORMAL,False,LOW,NORMAL,NORMAL,HIGH,HIGH,NORMAL,NORMAL,NORMAL,LOW,HIGH,True,HIGH,True
HIGH,HIGH,HIGH,False,False,False,False,False,NORMAL,NORMAL,LOW,HIGH,NORMAL,HIGH,HIGH,HIGH,HIGH,NORMAL,False,HIGH,NORMAL,NORMAL,LOW,LOW,HIGH,NORMAL,NORMAL,HIGH,NORMAL,False,HIGH,False
HIGH,HIGH,NORMAL,False,False,False,False,False,LOW,NORMAL,HIGH,LOW,NORMAL,HIGH,LOW,HIGH,HIGH,LOW,False,LOW,NORMAL,NORMAL,HIGH,HIGH,HIGH,NORMAL,LOW,LOW,HIGH,False,HIGH,True
LOW,HIGH,HIGH,False,False,False,False,False,NORMAL,NORMAL,LOW,HIGH,NORMAL,HIGH,HIGH,LOW,LOW,NORMAL,False,HIGH,NORMAL,HIGH,LOW,LOW,NORMAL,NORMAL,NORMAL,HIGH,LOW,False,NORMAL,False
NORMAL,HIGH,HIGH,False,False,False,False,False,NORMAL,NORMAL,LOW,HIGH,NORMAL,HIGH,HIGH,HIGH,HIGH,NORMAL,False,HIGH,NORMAL,LOW,LOW,LOW,HIGH,NORMAL,NORMAL,HIGH,LOW,False,HIGH,False
HIGH,HIGH,HIGH,False,False,False,True,False,NORMAL,NORMAL,ZERO,HIGH,NORMAL,HIGH,HIGH,HIGH,HIGH,NORMAL,False,HIGH,NORMAL,LOW,LOW,NORMAL,HIGH,NORMAL,NORMAL,HIGH,LOW,False,HIGH,False
LOW,HIGH,HIGH,False,False,False,False,False,NORMAL,NORMAL,LOW,HIGH,NORMAL,NORMAL,HIGH,LOW,LOW,LOW,False,HIGH,NORMAL,HIGH,LOW,LOW,NORMAL,NORMAL,NORMAL,HIGH,LOW,False,NORMAL,False
HIGH,HIGH,HIGH,False,False,False,True,False,NORMAL,NORMAL,LOW,HIGH,NORMAL,HIGH,HIGH,HIGH,HIGH,NORMAL,False,HIGH,NORMAL,LOW,LOW,LOW,HIGH,NORMAL,NORMAL,HIGH,LOW,False,HIGH,False
LOW,HIGH,HIGH,False,False,False,True,False,NORMAL,NORMAL,LOW,HIGH,NORMAL,NORMAL,HIGH,LOW,LOW,NORMAL,False,HIGH,NORMAL,HIGH,LOW,LOW,NORMAL,NORMAL,NORMAL,LOW,HIGH,False,NORMAL,False
HIGH,HIGH,HIGH,False,False,False,False,False,NORMAL,NORMAL,LOW,HIGH,NORMAL,HIGH,HIGH,HIGH,HIGH,NORMAL,False,HIGH,NORMAL,NORMAL,LOW,LOW,HIGH,NORMAL,NORMAL,HIGH,LOW,False,HIGH,False
LOW,HIGH,NORMAL,False,False,False,False,False,HIGH,NORMAL,HIGH,LOW,NORMAL,LOW,LOW,LOW,LOW,HIGH,False,LOW,NORMAL,LOW,HIGH,HIGH,NORMAL,LOW,HIGH,LOW,HIGH,True,HIGH,True
LOW,HIGH,HIGH,False,False,False,False,False,NORMAL,NORMAL,ZERO,HIGH,NORMAL,NORMAL,HIGH,LOW,LOW,NORMAL,False,HIGH,NORMAL,LOW,LOW,NORMAL,NORMAL,NORMAL,NORMAL,HIGH,LOW,False,HIGH,False
LOW,HIGH,HIGH,False,False,False,False,False,NORMAL,NORMAL,LOW,HIGH,NORMAL,NORMAL,HIGH,LOW,LOW,NORMAL,False,HIGH,NORMAL,HIGH,LOW,LOW,NORMAL,NORMAL,NORMAL,HIGH,LOW,False,NORMAL,False
LOW,HIGH,HIGH,False,False,False,False,False,NORMAL,NORMAL,LOW,HIGH,HIGH,HIGH,HIGH,HIGH,HIGH,NORMAL,False,HIGH,NORMAL,LOW,LOW,LOW,HIGH,NORMAL,NORMAL,HIGH,LOW,False,HIGH,False
HIGH,HIGH,HIGH,False,False,False,False,False,NORMAL,NORMAL,ZERO,HIGH,NORMAL,NORMAL,HIGH,HIGH,HIGH,NORMAL,False,HIGH,HIGH,NORMAL,LOW,NORMAL,HIGH,NORMAL,NORMAL,LOW,LOW,False,HIGH,False
LOW,HIGH,HIGH,False,False,False,False,False,NORMAL,NORMAL,LOW,HIGH,NORMAL,NORMAL,HIGH,LOW,LOW,NORMAL,False,HIGH,NORMAL,LOW,LOW,LOW,NORMAL,NORMAL,NORMAL,HIGH,LOW,False,HIGH,False
NORMAL,HIGH,HIGH,False,False,False,False,False,HIGH,NORMAL,LOW,HIGH,NORMAL,NORMAL,HIGH,LOW,LOW,HIGH,False,HIGH,NORMAL,HIGH,LOW,LOW,NORMAL,NORMAL,HIGH,HIGH,LOW,True,NORMAL,False
HIGH,HIGH,HIGH,False,False,False,True,False,NORMAL,NORMAL,LOW,HIGH,NORMAL,HIGH,HIGH,HIGH,HIGH,NORMAL,False,HIGH,NORMAL,LOW,LOW,LOW,HIGH,NORMAL,NORMAL,HIGH,LOW,False,HIGH,False
HIGH,HIGH,HIGH,False,False,False,False,False,NORMAL,NORMAL,LOW,HIGH,NORMAL,HIGH,HIGH,HIGH,HIGH,NORMAL,False,HIGH,HIGH,HIGH,LOW,LOW,HIGH,NORMAL,NORMAL,LOW,LOW,False,HIGH,False
LOW,HIGH,NORMAL,False,False,False,False,False,NORMAL,NORMAL,HIGH,LOW,NORMAL,NORMAL,LOW,LOW,LOW,NORMAL,False,LOW,NORMAL,LOW,HIGH,HIGH,NORMAL,NORMAL,NORMAL,LOW,HIGH,False,HIGH,True
LOW,HIGH,HIGH,False,False,False,False,False,NORMAL,ESOPHAGEAL,NORMAL,HIGH,HIGH,NORMAL,LOW,LOW,LOW,NORMAL,False,HIGH,NORMAL,HIGH,NORMAL,LOW,NORMAL,NORMAL,NORMAL,HIGH,NORMAL,False,NORMAL,False
HIGH,HIGH,HIGH,False,False,False,False,False,HIGH,NORMAL,HIGH,HIGH,NORMAL,HIGH,HIGH,HIGH,HIGH,HIGH,False,HIGH,NORMAL,NORMAL,LOW,LOW,HIGH,NORMAL,HIGH,HIGH,LOW,False,HIGH,False
LOW,HIGH,HIGH,False,True,False,True,False,HIGH,NORMAL,LOW,HIGH,HIGH,LOW,NORMAL,NORMAL,NORMAL,HIGH,False,HIGH,HIGH,HIGH,LOW,LOW,LOW,NORMAL,HIGH,NORMAL,LOW,True,NORMAL,False
HIGH,LOW,LOW,False,False,False,False,False,NORMAL,NORMAL,LOW,LOW,HIGH,LOW,ZERO,HIGH,HIGH,NORMAL,False,ZERO,NORMAL,NORMAL,ZERO,HIGH,HIGH,NORMAL,NORMAL,LOW,HIGH,False,HIGH,False
LOW,LOW,ZERO,False,False,False,False,False,HIGH,NORMAL,LOW,HIGH,NORMAL,NORMAL,HIGH,LOW,LOW,HIGH,False,HIGH,NORMAL,HIGH,LOW,LOW,NORMAL,NORMAL,HIGH,HIGH,HIGH,True,NORMAL,False
HIGH,LOW,ZERO,False,False,False,False,False,NORMAL,NORMAL,LOW,HIGH,NORMAL,HIGH,HIGH,HIGH,HIGH,NORMAL,False,HIGH,NORMAL,NORMAL,LOW,LOW,HIGH,NORMAL,NORMAL,HIGH,HIGH,False,HIGH,False
HIGH,LOW,ZERO,False,False,False,False,False,NORMAL,NORMAL,LOW,HIGH,NORMAL,HIGH,HIGH,HIGH,HIGH,NORMAL,False,HIGH,NORMAL,NORMAL,LOW,LOW,HIGH,NORMAL,NORMAL,HIGH,HIGH,False,HIGH,False
HIGH,LOW,ZERO,False,False,False,False,False,NORMAL,NORMAL,LOW,LOW,NORMAL,HIGH,HIGH,HIGH,HIGH,NORMAL,False,ZERO,NORMAL,HIGH,ZERO,HIGH,HIGH,NORMAL,NORMAL,LOW,HIGH,False,HIGH,False
LOW,LOW,ZERO,False,False,True,False,False,NORMAL,NORMAL,LOW,HIGH,NORMAL,NORMAL,HIGH,LOW,LOW,NORMAL,False,HIGH,NORMAL,HIGH,LOW,LOW,NORMAL,NORMAL,NORMAL,HIGH,HIGH,False,NORMAL,False
HIGH,LOW,ZERO,False,False,False,False,False,NORMAL,NORMAL,LOW,HIGH,NORMAL,HIGH,HIGH,HIGH,HIGH,NORMAL,False,HIGH,NORMAL,NORMAL,LOW,LOW,HIGH,NORMAL,NORMAL,HIGH,HIGH,False,HIGH,False
LOW,LOW,ZERO,False,False,False,False,False,NORMAL,NORMAL,ZERO,LOW,NORMAL,NORMAL,ZERO,LOW,LOW,NORMAL,False,ZERO,NORMAL,HIGH,ZERO,LOW,NORMAL,NORMAL,NORMAL,LOW,HIGH,False,NORMAL,False
HIGH,LOW,ZERO,False,False,False,True,False,HIGH,NORMAL,LOW,LOW,NORMAL,HIGH,ZERO,HIGH,LOW,HIGH,False,ZERO,HIGH,NORMAL,ZERO,HIGH,HIGH,NORMAL,HIGH,LOW,HIGH,True,HIGH,False
HIGH,LOW,ZERO,False,False,False,False,False,NORMAL,NORMAL,LOW,HIGH,NORMAL,NORMAL,HIGH,HIGH,HIGH,NORMAL,False,HIGH,NORMAL,NORMAL,LOW,LOW,HIGH,NORMAL,NORMAL,HIGH,HIGH,False,HIGH,True
HIGH,LOW,ZERO,False,False,False,False,False,HIGH,NORMAL,LOW,HIGH,NORMAL,LOW,HIGH,HIGH,HIGH,HIGH,False,HIGH,NORMAL,LOW,LOW,LOW,HIGH,NORMAL,NORMAL,HIGH,HIGH,True,HIGH,False
HIGH,LOW,ZERO,False,False,False,False,False,NORMAL,NORMAL,ZERO,LOW,NORMAL,HIGH,ZERO,HIGH,HIGH,NORMAL,False,ZERO,NORMAL,NORMAL,ZERO,HIGH,HIGH,NORMAL,NORMAL,LOW,HIGH,False,HIGH,True
HIGH,LOW,ZERO,False,False,False,False,False,NORMAL,NORMAL,LOW,HIGH,NORMAL,HIGH,HIGH,HIGH,HIGH,NORMAL,False,HIGH,NORMAL,LOW,LOW,LOW,HIGH,NORMAL,NORMAL,HIGH,HIGH,False,HIGH,False
NORMAL,LOW,ZERO,False,False,False,False,False,NORMAL,ONESIDED,LOW,LOW,NORMAL,HIGH,ZERO,HIGH,HIGH,NORMAL,False,NORMAL,HIGH,LOW,ZERO,NORMAL,HIGH,NORMAL,NORMAL,LOW,LOW,False,HIGH,False
LOW,LOW,ZERO,False,False,True,False,False,NORMAL,NORMAL,LOW,NORMAL,NORMAL,NORMAL,HIGH,NORMAL,LOW,NORMAL,False,HIGH,NORMAL,NORMAL,LOW,LOW,NORMAL,LOW,NORMAL,NORMAL,HIGH,False,HIGH,False
HIGH,LOW,ZERO,False,False,False,False,False,HIGH,NORMAL,LOW,HIGH,NORMAL,LOW,HIGH,HIGH,HIGH,HIGH,False,HIGH,NORMAL,LOW,LOW,NORMAL,HIGH,NORMAL,HIGH,HIGH,HIGH,False,HIGH,False
LOW,LOW,ZERO,False,False,False,False,False,HIGH,NORMAL,LOW,HIGH,NORMAL,NORMAL,NORMAL,LOW,LOW,HIGH,False,HIGH,NORMAL,HIGH,LOW,LOW,NORMAL,NORMAL,HIGH,HIGH,HIGH,True,NORMAL,False
HIGH,LOW,ZERO,False,False,False,False,False,HIGH,NORMAL,LOW,HIGH,NORMAL,HIGH,HIGH,HIGH,HIGH,HIGH,False,HIGH,NORMAL,NORMAL,LOW,LOW,HIGH,NORMAL,HIGH,HIGH,HIGH,False,HIGH,True
LOW,LOW,ZERO,False,False,False,False,False,NORMAL,NORMAL,LOW,HIGH,NORMAL,NORMAL,HIGH,LOW,LOW,LOW,False,HIGH,NORMAL,LOW,LOW,LOW,NORMAL,NORMAL,NORMAL,HIGH,HIGH,False,HIGH,False
LOW,LOW,ZERO,False,False,False,False,False,HIGH,NORMAL,LOW,HIGH,NORMAL,NORMAL,HIGH,LOW,LOW,HIGH,False,HIGH,NORMAL,HIGH,LOW,LOW,NORMAL,NORMAL,HIGH,HIGH,HIGH,True,NORMAL,False
HIGH,LOW,ZERO,False,False,False,False,False,HIGH,NORMAL,LOW,LOW,NORMAL,HIGH,ZERO,HIGH,HIGH,HIGH,False,ZERO,HIGH,NORMAL,ZERO,HIGH,HIGH,NORMAL,NORMAL,LOW,HIGH,True,HIGH,False
LOW,LOW,ZERO,False,False,False,False,False,HIGH,NORMAL,LOW,HIGH,NORMAL,LOW,HIGH,LOW,LOW,NORMAL,False,HIGH,NORMAL,LOW,LOW,LOW,NORMAL,NORMAL,NORMAL,HIGH,HIGH,True,HIGH,False
HIGH,LOW,ZERO,False,False,False,False,False,HIGH,NORMAL,LOW,LOW,NORMAL,LOW,ZERO,HIGH,HIGH,HIGH,False,ZERO,NORMAL,HIGH,ZERO,HIGH,HIGH,NORMAL,NORMAL,LOW,HIGH,True,HIGH,False
LOW,LOW,ZERO,False,False,False,False,False,NORMAL,NORMAL,LOW,HIGH,NORMAL,HIGH,HIGH,HIGH,HIGH,NORMAL,False,HIGH,NORMAL,LOW,LOW,LOW,HIGH,NORMAL,NORMAL,HIGH,HIGH,False,HIGH,False
HIGH,LOW,ZERO,False,False,False,False,False,NORMAL,NORMAL,LOW,HIGH,NORMAL,HIGH,HIGH,HIGH,HIGH,NORMAL,False,HIGH,HIGH,NORMAL,LOW,LOW,HIGH,NORMAL,NORMAL,NORMAL,HIGH,False,HIGH,False
HIGH,LOW,ZERO,False,False,False,False,False,NORMAL,NORMAL,LOW,LOW,NORMAL,LOW,ZERO,HIGH,HIGH,NORMAL,False,ZERO,NORMAL,NORMAL,ZERO,HIGH,HIGH,NORMAL,NORMAL,LOW,HIGH,True,HIGH,False
NORMAL,LOW,ZERO,False,False,False,True,False,LOW,NORMAL,LOW,LOW,NORMAL,HIGH,ZERO,HIGH,HIGH,LOW,False,ZERO,NORMAL,NORMAL,ZERO,HIGH,HIGH,NORMAL,LOW,LOW,HIGH,False,HIGH,False
LOW,LOW,ZERO,False,False,False,False,False,NORMAL,NORMAL,ZERO,HIGH,NORMAL,NORMAL,HIGH,LOW,LOW,NORMAL,False,HIGH,NORMAL,LOW,LOW,NORMAL,NORMAL,NORMAL,NORMAL,HIGH,HIGH,False,HIGH,False
HIGH,LOW,ZERO,False,False,False,False,True,LOW,NORMAL,HIGH,LOW,NORMAL,LOW,LOW,HIGH,HIGH,LOW,False,LOW,NORMAL,NORMAL,HIGH,HIGH,HIGH,NORMAL,LOW,LOW,HIGH,False,HIGH,False
HIGH,NORMAL,LOW,False,False,False,False,False,NORMAL,ONESIDED,NORMAL,LOW,NORMAL,HIGH,ZERO,HIGH,HIGH,NORMAL,False,LOW,HIGH,HIGH,LOW,HIGH,HIGH,NORMAL,NORMAL,LOW,HIGH,False,HIGH,False
HIGH,NORMAL,LOW,False,False,False,True,False,NORMAL,NORMAL,LOW,LOW,NORMAL,HIGH,ZERO,HIGH,LOW,NORMAL,False,ZERO,NORMAL,HIGH,ZERO,HIGH,HIGH,NORMAL,LOW,LOW,LOW,False,HIGH,False
HIGH,NORMAL,LOW,False,False,False,False,False,HIGH,NORMAL,LOW,LOW,NORMAL,HIGH,ZERO,HIGH,HIGH,LOW,False,ZERO,NORMAL,NORMAL,ZERO,HIGH,HIGH,NORMAL,NORMAL,LOW,NORMAL,True,HIGH,False
HIGH,NORMAL,LOW,False,False,False,False,False,NORMAL,NORMAL,LOW,LOW,NORMAL,HIGH,ZERO,HIGH,HIGH,NORMAL,False,ZERO,NORMAL,NORMAL,ZERO,HIGH,HIGH,NORMAL,NORMAL,LOW,NORMAL,False,HIGH,False
HIGH,NORMAL,LOW,False,False,False,False,False,HIGH,NORMAL,LOW,LOW,NORMAL,HIGH,ZERO,HIGH,HIGH,NORMAL,False,ZERO,NORMAL,LOW,ZERO,HIGH,HIGH,NORMAL,HIGH,LOW,HIGH,True,HIGH,False
NORMAL,NORMAL,LOW,False,False,True,False,False,NORMAL,ONESIDED,NORMAL,LOW,NORMAL,HIGH,LOW,NORMAL,NORMAL,HIGH,False,LOW,HIGH,LOW,LOW,HIGH,HIGH,NORMAL,LOW,LOW,LOW,False,HIGH,False
LOW,NORMAL,ZERO,False,False,False,False,False,NORMAL,NORMAL,LOW,HIGH,NORMAL,NORMAL,HIGH,LOW,LOW,NORMAL,False,HIGH,NORMAL,HIGH,LOW,LOW,NORMAL,NORMAL,LOW,HIGH,HIGH,False,NORMAL,True
HIGH,NORMAL,LOW,False,False,False,False,False,HIGH,NORMAL,LOW,LOW,NORMAL,LOW,ZERO,HIGH,HIGH,HIGH,False,ZERO,HIGH,HIGH,ZERO,HIGH,HIGH,NORMAL,HIGH,LOW,HIGH,True,HIGH,False
LOW,NORMAL,LOW,False,False,False,False,False,NORMAL,NORMAL,LOW,LOW,NORMAL,NORMAL,ZERO,LOW,LOW,NORMAL,False,ZERO,NORMAL,HIGH,ZERO,HIGH,NORMAL,NORMAL,HIGH,LOW,HIGH,False,NORMAL,False
HIGH,NORMAL,ZERO,False,False,False,False,False,NORMAL,NORMAL,LOW,HIGH,NORMAL,HIGH,HIGH,HIGH,HIGH,NORMAL,False,HIGH,NORMAL,NORMAL,LOW,LOW,HIGH,NORMAL,NORMAL,HIGH,HIGH,False,HIGH,True
HIGH,NORMAL,LOW,False,False,False,False,False,NORMAL,NORMAL,HIGH,LOW,NORMAL,HIGH,LOW,HIGH,HIGH,NORMAL,False,LOW,NORMAL,HIGH,HIGH,HIGH,HIGH,NORMAL,NORMAL,LOW,HIGH,False,HIGH,False
HIGH,NORMAL,LOW,False,False,True,False,False,NORMAL,NORMAL,LOW,LOW,NORMAL,HIGH,ZERO,NORMAL,NORMAL,NORMAL,False,ZERO,NORMAL,NORMAL,ZERO,HIGH,HIGH,NORMAL,NORMAL,LOW,LOW,False,HIGH,False
HIGH,NORMAL,LOW,False,False,False,False,False,NORMAL,ESOPHAGEAL,NORMAL,LOW,NORMAL,HIGH,ZERO,HIGH,HIGH,NORMAL,False,ZERO,NORMAL,NORMAL,LOW,HIGH,HIGH,NORMAL,NORMAL,LOW,HIGH,False,HIGH,False
HIGH,NORMAL,LOW,False,False,False,True,False,HIGH,NORMAL,LOW,LOW,NORMAL,HIGH,ZERO,HIGH,HIGH,HIGH,False,ZERO,NORMAL,NORMAL,ZERO,HIGH,HIGH,NORMAL,HIGH,LOW,HIGH,True,HIGH,False
HIGH,NORMAL,LOW,False,False,False,False,False,LOW,NORMAL,LOW,LOW,NORMAL,HIGH,ZERO,HIGH,HIGH,LOW,False,ZERO,NORMAL,LOW,ZERO,HIGH,HIGH,NORMAL,LOW,LOW,HIGH,True,HIGH,False
HIGH,NORMAL,LOW,False,False,False,False,False,NORMAL,NORMAL,LOW,LOW,NORMAL,HIGH,ZERO,HIGH,HIGH,NORMAL,False,ZERO,NORMAL,HIGH,ZERO,HIGH,HIGH,NORMAL,NORMAL,LOW,LOW,False,HIGH,False
LOW,NORMAL,LOW,False,False,False,False,False,NORMAL,NORMAL,LOW,LOW,NORMAL,LOW,ZERO,LOW,LOW,NORMAL,False,ZERO,NORMAL,LOW,ZERO,HIGH,NORMAL,NORMAL,NORMAL,LOW,HIGH,False,HIGH,False
HIGH,NORMAL,LOW,False,False,False,True,False,NORMAL,NORMAL,LOW,LOW,NORMAL,HIGH,ZERO,HIGH,HIGH,NORMAL,False,ZERO,NORMAL,HIGH,ZERO,HIGH,HIGH,NORMAL,NORMAL,LOW,NORMAL,False,HIGH,False
HIGH,NORMAL,LOW,False,False,False,True,False,NORMAL,ESOPHAGEAL,LOW,LOW,NORMAL,HIGH,NORMAL,HIGH,HIGH,NORMAL,False,LOW,NORMAL,LOW,ZERO,HIGH,HIGH,NORMAL,NORMAL,LOW,HIGH,False,HIGH,False
HIGH,NORMAL,LOW,False,False,False,False,False,NORMAL,NORMAL,LOW,LOW,NORMAL,HIGH,ZERO,HIGH,HIGH,NORMAL,False,ZERO,NORMAL,NORMAL,ZERO,HIGH,HIGH,NORMAL,NORMAL,LOW,LOW,False,HIGH,False
HIGH,NORMAL,LOW,False,False,False,True,False,NORMAL,NORMAL,LOW,LOW,NORMAL,LOW,ZERO,HIGH,HIGH,NORMAL,False,ZERO,NORMAL,HIGH,ZERO,HIGH,HIGH,NORMAL,NORMAL,LOW,HIGH,True,HIGH,False
HIGH,NORMAL,LOW,False,False,True,False,False,NORMAL,NORMAL,LOW,LOW,NORMAL,HIGH,ZERO,NORMAL,NORMAL,NORMAL,False,ZERO,NORMAL,HIGH,ZERO,HIGH,HIGH,LOW,NORMAL,LOW,LOW,False,HIGH,False
NORMAL,NORMAL,LOW,False,False,False,False,False,HIGH,ONESIDED,NORMAL,LOW,NORMAL,NORMAL,ZERO,HIGH,HIGH,HIGH,False,LOW,HIGH,NORMAL,LOW,HIGH,HIGH,NORMAL,HIGH,LOW,HIGH,True,HIGH,False
HIGH,NORMAL,LOW,False,False,False,False,False,NORMAL,NORMAL,LOW,LOW,NORMAL,HIGH,ZERO,HIGH,HIGH,LOW,False,ZERO,NORMAL,HIGH,ZERO,HIGH,HIGH,NORMAL,NORMAL,LOW,LOW,False,HIGH,False
HIGH,NORMAL,ZERO,False,False,False,True,False,NORMAL,NORMAL,ZERO,HIGH,LOW,HIGH,ZERO,HIGH,HIGH,NORMAL,False,HIGH,NORMAL,HIGH,ZERO,LOW,HIGH,NORMAL,NORMAL,HIGH,HIGH,False,HIGH,True
HIGH,NORMAL,LOW,False,False,False,False,False,HIGH,NORMAL,LOW,LOW,NORMAL,LOW,ZERO,HIGH,HIGH,HIGH,False,ZERO,NORMAL,NORMAL,ZERO,HIGH,HIGH,NORMAL,HIGH,LOW,NORMAL,True,HIGH,False
HIGH,NORMAL,LOW,False,False,False,False,False,NORMAL,NORMAL,LOW,LOW,NORMAL,HIGH,ZERO,HIGH,HIGH,NORMAL,False,ZERO,NORMAL,HIGH,ZERO,HIGH,HIGH,NORMAL,NORMAL,LOW,LOW,False,HIGH,False
HIGH,NORMAL,LOW,True,False,False,False,False,NORMAL,NORMAL,LOW,LOW,NORMAL,HIGH,ZERO,HIGH,HIGH,NORMAL,False,ZERO,NORMAL,LOW,ZERO,HIGH,HIGH,NORMAL,NORMAL,LOW,NORMAL,False,HIGH,False
HIGH,NORMAL,LOW,False,False,False,False,False,NORMAL,NORMAL,LOW,LOW,NORMAL,HIGH,ZERO,HIGH,HIGH,NORMAL,False,ZERO,NORMAL,NORMAL,ZERO,HIGH,HIGH,NORMAL,NORMAL,LOW,NORMAL,False,HIGH,False
LOW,NORMAL,LOW,False,False,False,False,False,NORMAL,ONESIDED,LOW,LOW,NORMAL,NORMAL,NORMAL,LOW,LOW,NORMAL,False,NORMAL,HIGH,HIGH,ZERO,NORMAL,NORMAL,NORMAL,NORMAL,LOW,LOW,False,NORMAL,False
HIGH,NORMAL,LOW,False,False,True,False,False,NORMAL,NORMAL,LOW,LOW,NORMAL,LOW,ZERO,HIGH,NORMAL,NORMAL,False,ZERO,NORMAL,HIGH,ZERO,HIGH,HIGH,NORMAL,NORMAL,LOW,HIGH,False,HIGH,False
HIGH,NORMAL,LOW,False,False,False,False,False,NORMAL,NORMAL,LOW,LOW,NORMAL,HIGH,ZERO,HIGH,HIGH,NORMAL,False,ZERO,NORMAL,NORMAL,ZERO,HIGH,HIGH,NORMAL,NORMAL,LOW,HIGH,False,HIGH,False
HIGH,NORMAL,LOW,False,False,False,False,False,HIGH,NORMAL,ZERO,LOW,NORMAL,HIGH,ZERO,HIGH,HIGH,HIGH,False,NORMAL,NORMAL,NORMAL,ZERO,LOW,HIGH,NORMAL,HIGH,LOW,HIGH,True,HIGH,False
HIGH,NORMAL,LOW,False,False,False,False,False,LOW,ESOPHAGEAL,LOW,LOW,NORMAL,HIGH,ZERO,HIGH,HIGH,LOW,True,LOW,NORMAL,NORMAL,ZERO,HIGH,HIGH,NORMAL,LOW,LOW,LOW,False,HIGH,False
LOW,NORMAL,LOW,False,False,False,False,False,NORMAL,NORMAL,LOW,LOW,NORMAL,NORMAL,ZERO,HIGH,LOW,NORMAL,False,ZERO,NORMAL,NORMAL,ZERO,HIGH,NORMAL,NORMAL,NORMAL,LOW,HIGH,False,HIGH,False
HIGH,NORMAL,LOW,False,False,False,False,False,NORMAL,NORMAL,LOW,LOW,NORMAL,HIGH,ZERO,HIGH,HIGH,NORMAL,False,ZERO,NORMAL,HIGH,ZERO,HIGH,HIGH,NORMAL,NORMAL,LOW,HIGH,False,HIGH,False
HIGH,NORMAL,LOW,False,False,False,True,False,HIGH,NORMAL,LOW,LOW,NORMAL,LOW,ZERO,HIGH,HIGH,HIGH,False,ZERO,NORMAL,LOW,ZERO,HIGH,HIGH,NORMAL,NORMAL,LOW,LOW,True,HIGH,False
HIGH,NORMAL,LOW,False,False,True,True,False,HIGH,NORMAL,LOW,LOW,HIGH,NORMAL,ZERO,NORMAL,NORMAL,HIGH,False,ZERO,NORMAL,NORMAL,ZERO,HIGH,HIGH,NORMAL,HIGH,LOW,NORMAL,True,HIGH,False
HIGH,NORMAL,LOW,False,False,False,False,False,NORMAL,NORMAL,LOW,LOW,NORMAL,HIGH,ZERO,HIGH,HIGH,NORMAL,False,ZERO,NORMAL,LOW,ZERO,HIGH,HIGH,NORMAL,NORMAL,LOW,HIGH,False,HIGH,False
LOW,NORMAL,LOW,False,False,False,False,True,LOW,NORMAL,LOW,LOW,NORMAL,LOW,ZERO,LOW,LOW,LOW,False,ZERO,NORMAL,LOW,ZERO,HIGH,NORMAL,NORMAL,LOW,LOW,NORMAL,False,HIGH,False
NORMAL,NORMAL,LOW,False,False,False,True,False,NORMAL,ONESIDED,NORMAL,LOW,NORMAL,HIGH,ZERO,HIGH,HIGH,NORMAL,False,LOW,HIGH,NORMAL,LOW,HIGH,HIGH,NORMAL,NORMAL,LOW,HIGH,False,HIGH,False
HIGH,NORMAL,ZERO,False,False,False,False,False,NORMAL,NORMAL,LOW,HIGH,NORMAL,HIGH,HIGH,HIGH,HIGH,NORMAL,False,HIGH,NORMAL,NORMAL,LOW,LOW,HIGH,NORMAL,NORMAL,HIGH,HIGH,False,HIGH,True
LOW,NORMAL,LOW,False,False,False,False,False,NORMAL,NORMAL,LOW,HIGH,NORMAL,NORMAL,HIGH,LOW,LOW,NORMAL,False,HIGH,NORMAL,HIGH,LOW,LOW,NORMAL,NORMAL,NORMAL,HIGH,LOW,False,NORMAL,False
HIGH,NORMAL,LOW,False,False,False,False,False,NORMAL,NORMAL,LOW,LOW,NORMAL,HIGH,ZERO,HIGH,HIGH,NORMAL,False,ZERO,NORMAL,LOW,ZERO,HIGH,HIGH,LOW,NORMAL,HIGH,HIGH,False,HIGH,False
LOW,NORMAL,LOW,False,False,False,False,False,NORMAL,NORMAL,LOW,LOW,NORMAL,NORMAL,ZERO,LOW,LOW,NORMAL,False,ZERO,NORMAL,NORMAL,ZERO,HIGH,NORMAL,NORMAL,NORMAL,LOW,HIGH,False,HIGH,False
HIGH,NORMAL,LOW,False,False,False,False,False,NORMAL,NORMAL,LOW,LOW,NORMAL,HIGH,HIGH,HIGH,HIGH,NORMAL,False,ZERO,NORMAL,LOW,ZERO,HIGH,HIGH,NORMAL,NORMAL,LOW,HIGH,False,HIGH,False
HIGH,NORMAL,NORMAL,False,False,False,False,False,NORMAL,NORMAL,HIGH,LOW,NORMAL,HIGH,LOW,HIGH,HIGH,NORMAL,False,LOW,NORMAL,NORMAL,HIGH,HIGH,HIGH,NORMAL,NORMAL,LOW,HIGH,False,HIGH,False
HIGH,NORMAL,LOW,False,False,True,False,False,NORMAL,NORMAL,LOW,LOW,NORMAL,HIGH,ZERO,NORMAL,NORMAL,NORMAL,False,ZERO,NORMAL,NORMAL,ZERO,HIGH,HIGH,NORMAL,NORMAL,LOW,HIGH,False,HIGH,False
HIGH,NORMAL,LOW,False,False,False,False,False,NORMAL,NORMAL,LOW,LOW,NORMAL,HIGH,ZERO,HIGH,HIGH,NORMAL,False,ZERO,HIGH,HIGH,ZERO,HIGH,HIGH,NORMAL,NORMAL,LOW,HIGH,False,HIGH,False
NORMAL,NORMAL,LOW,False,False,False,False,False,NORMAL,NORMAL,LOW,LOW,NORMAL,HIGH,ZERO,HIGH,HIGH,NORMAL,False,ZERO,NORMAL,NORMAL,ZERO,HIGH,HIGH,NORMAL,NORMAL,LOW,NORMAL,False,HIGH,False
HIGH,NORMAL,LOW,False,False,False,False,False,NORMAL,NORMAL,LOW,LOW,NORMAL,HIGH,LOW,HIGH,HIGH,NORMAL,False,ZERO,NORMAL,HIGH,ZERO,HIGH,HIGH,NORMAL,NORMAL,LOW,HIGH,True,HIGH,False
HIGH,NORMAL,LOW,False,False,False,False,False,NORMAL,NORMAL,LOW,LOW,NORMAL,HIGH,ZERO,HIGH,HIGH,NORMAL,False,ZERO,NORMAL,HIGH,ZERO,HIGH,HIGH,NORMAL,NORMAL,LOW,HIGH,False,HIGH,False
HIGH,NORMAL,LOW,False,False,False,False,False,HIGH,NORMAL,LOW,LOW,LOW,LOW,ZERO,HIGH,HIGH,HIGH,False,ZERO,NORMAL,NORMAL,ZERO,HIGH,HIGH,NORMAL,HIGH,LOW,HIGH,True,HIGH,False
HIGH,NORMAL,ZERO,False,False,False,False,False,HIGH,NORMAL,LOW,LOW,LOW,NORMAL,ZERO,HIGH,HIGH,HIGH,False,ZERO,NORMAL,LOW,ZERO,HIGH,HIGH,NORMAL,NORMAL,LOW,HIGH,True,HIGH,True
HIGH,NORMAL,ZERO,False,False,False,False,False,NORMAL,NORMAL,LOW,LOW,NORMAL,HIGH,ZERO,HIGH,HIGH,NORMAL,False,ZERO,NORMAL,NORMAL,ZERO,HIGH,HIGH,NORMAL,NORMAL,LOW,HIGH,False,HIGH,True
HIGH,NORMAL,LOW,False,False,False,False,False,NORMAL,NORMAL,LOW,LOW,NORMAL,HIGH,ZERO,HIGH,HIGH,NORMAL,False,ZERO,NORMAL,NORMAL,ZERO,HIGH,HIGH,LOW,NORMAL,LOW,HIGH,False,HIGH,False
HIGH,NORMAL,LOW,False,False,False,False,False,NORMAL,NORMAL,LOW,LOW,NORMAL,HIGH,ZERO,HIGH,HIGH,NORMAL,False,ZERO,NORMAL,NORMAL,ZERO,HIGH,HIGH,NORMAL,NORMAL,LOW,NORMAL,False,HIGH,False
HIGH,NORMAL,LOW,False,False,False,False,False,NORMAL,NORMAL,LOW,LOW,NORMAL,LOW,ZERO,HIGH,HIGH,NORMAL,False,ZERO,NORMAL,LOW,ZERO,HIGH,HIGH,NORMAL,NORMAL,LOW,HIGH,False,HIGH,False
HIGH,NORMAL,LOW,False,False,False,False,False,NORMAL,NORMAL,LOW,LOW,NORMAL,HIGH,ZERO,HIGH,HIGH,NORMAL,False,ZERO,NORMAL,LOW,ZERO,HIGH,HIGH,NORMAL,NORMAL,LOW,NORMAL,False,HIGH,False
HIGH,NORMAL,LOW,False,False,False,False,True,LOW,NORMAL,LOW,LOW,NORMAL,NORMAL,ZERO,HIGH,HIGH,LOW,False,ZERO,NORMAL,HIGH,ZERO,HIGH,HIGH,NORMAL,LOW,LOW,LOW,False,HIGH,False
HIGH,NORMAL,LOW,False,False,False,False,False,NORMAL,NORMAL,LOW,LOW,NORMAL,HIGH,ZERO,HIGH,HIGH,NORMAL,False,ZERO,NORMAL,NORMAL,ZERO,HIGH,HIGH,LOW,NORMAL,LOW,HIGH,False,HIGH,False
HIGH,NORMAL,LOW,False,False,False,False,False,NORMAL,NORMAL,LOW,LOW,LOW,LOW,ZERO,HIGH,HIGH,NORMAL,False,ZERO,NORMAL,NORMAL,ZERO,HIGH,HIGH,NORMAL,NORMAL,LOW,NORMAL,False,HIGH,False
HIGH,NORMAL,ZERO,False,False,False,True,False,HIGH,NORMAL,LOW,NORMAL,NORMAL,NORMAL,LOW,HIGH,HIGH,HIGH,False,ZERO,NORMAL,HIGH,ZERO,HIGH,HIGH,NORMAL,HIGH,NORMAL,HIGH,True,HIGH,False
HIGH,NORMAL,LOW,False,False,False,False,False,NORMAL,NORMAL,LOW,LOW,NORMAL,HIGH,ZERO,HIGH,HIGH,NORMAL,False,ZERO,NORMAL,LOW,ZERO,HIGH,HIGH,NORMAL,NORMAL,LOW,HIGH,False,HIGH,False
HIGH,NORMAL,LOW,False,False,False,False,False,HIGH,NORMAL,LOW,LOW,LOW,NORMAL,ZERO,HIGH,HIGH,HIGH,False,ZERO,NORMAL,LOW,ZERO,HIGH,HIGH,NORMAL,NORMAL,LOW,LOW,True,HIGH,False
HIGH,NORMAL,LOW,False,False,False,False,False,NORMAL,NORMAL,NORMAL,LOW,NORMAL,HIGH,ZERO,HIGH,HIGH,NORMAL,False,ZERO,NORMAL,HIGH,ZERO,HIGH,HIGH,NORMAL,NORMAL,LOW,HIGH,False,HIGH,False
HIGH,NORMAL,LOW,False,False,False,False,False,NORMAL,NORMAL,LOW,LOW,NORMAL,HIGH,ZERO,HIGH,HIGH,NORMAL,False,ZERO,NORMAL,NORMAL,ZERO,HIGH,HIGH,NORMAL,NORMAL,LOW,NORMAL,False,HIGH,False
HIGH,NORMAL,LOW,False,False,False,False,True,LOW,NORMAL,LOW,LOW,NORMAL,LOW,ZERO,HIGH,HIGH,NORMAL,False,ZERO,NORMAL,NORMAL,ZERO,HIGH,HIGH,NORMAL,LOW,LOW,HIGH,False,HIGH,False
HIGH,NORMAL,LOW,False,False,False,False,False,NORMAL,NORMAL,LOW,LOW,NORMAL,HIGH,ZERO,HIGH,HIGH,NORMAL,False,ZERO,NORMAL,NORMAL,ZERO,HIGH,HIGH,NORMAL,NORMAL,LOW,NORMAL,False,HIGH,False
HIGH,NORMAL,LOW,False,False,False,True,False,NORMAL,NORMAL,LOW,LOW,NORMAL,HIGH,ZERO,HIGH,HIGH,NORMAL,False,ZERO,NORMAL,NORMAL,ZERO,HIGH,HIGH,LOW,NORMAL,LOW,LOW,False,HIGH,False
HIGH,NORMAL,LOW,False,False,False,False,False,NORMAL,NORMAL,LOW,LOW,HIGH,HIGH,ZERO,HIGH,HIGH,NORMAL,False,ZERO,NORMAL,HIGH,ZERO,HIGH,HIGH,NORMAL,NORMAL,LOW,HIGH,False,HIGH,False
HIGH,NORMAL,LOW,False,False,False,False,False,NORMAL,NORMAL,LOW,LOW,NORMAL,HIGH,ZERO,HIGH,HIGH,NORMAL,False,ZERO,NORMAL,HIGH,ZERO,HIGH,HIGH,NORMAL,LOW,LOW,LOW,False,HIGH,False
HIGH,NORMAL,LOW,False,False,False,False,False,NORMAL,ESOPHAGEAL,ZERO,HIGH,NORMAL,HIGH,LOW,HIGH,HIGH,NORMAL,True,HIGH,NORMAL,NORMAL,ZERO,LOW,HIGH,NORMAL,NORMAL,HIGH,HIGH,False,HIGH,False
HIGH,NORMAL,ZERO,False,False,False,True,False,HIGH,NORMAL,NORMAL,HIGH,HIGH,HIGH,HIGH,HIGH,HIGH,HIGH,False,HIGH,NORMAL,LOW,LOW,LOW,HIGH,NORMAL,HIGH,HIGH,HIGH,True,HIGH,True
HIGH,NORMAL,LOW,False,False,False,False,False,HIGH,NORMAL,LOW,LOW,NORMAL,HIGH,ZERO,HIGH,HIGH,HIGH,False,ZERO,NORMAL,NORMAL,ZERO,HIGH,HIGH,LOW,HIGH,LOW,LOW,False,HIGH,False
HIGH,NORMAL,LOW,False,False,False,False,False,NORMAL,ONESIDED,NORMAL,LOW,NORMAL,HIGH,LOW,HIGH,HIGH,NORMAL,False,LOW,HIGH,HIGH,LOW,HIGH,HIGH,NORMAL,NORMAL,LOW,HIGH,False,HIGH,False
NORMAL,NORMAL,LOW,False,False,False,False,False,NORMAL,NORMAL,LOW,LOW,NORMAL,HIGH,ZERO,HIGH,HIGH,NORMAL,False,ZERO,NORMAL,LOW,ZERO,HIGH,HIGH,NORMAL,NORMAL,LOW,NORMAL,False,HIGH,False
HIGH,NORMAL,HIGH,False,False,False,False,False,NORMAL,ONESIDED,HIGH,LOW,NORMAL,HIGH,HIGH,HIGH,HIGH,NORMAL,False,LOW,NORMAL,LOW,HIGH,HIGH,HIGH,NORMAL,NORMAL,LOW,HIGH,False,HIGH,False
HIGH,NORMAL,LOW,False,False,False,False,False,HIGH,NORMAL,LOW,LOW,NORMAL,NORMAL,ZERO,HIGH,HIGH,HIGH,False,ZERO,NORMAL,LOW,ZERO,HIGH,HIGH,NORMAL,NORMAL,LOW,NORMAL,True,HIGH,False
HIGH,NORMAL,LOW,False,False,False,False,False,HIGH,NORMAL,LOW,LOW,NORMAL,NORMAL,ZERO,HIGH,HIGH,HIGH,False,ZERO,NORMAL,HIGH,ZERO,HIGH,HIGH,NORMAL,HIGH,LOW,NORMAL,True,HIGH,False
HIGH,NORMAL,LOW,False,False,False,False,False,NORMAL,NORMAL,HIGH,LOW,LOW,HIGH,LOW,HIGH,HIGH,NORMAL,False,LOW,NORMAL,LOW,HIGH,HIGH,HIGH,NORMAL,NORMAL,HIGH,HIGH,False,HIGH,False
LOW,NORMAL,LOW,False,False,True,False,False,NORMAL,NORMAL,LOW,LOW,NORMAL,NORMAL,ZERO,NORMAL,NORMAL,NORMAL,False,ZERO,NORMAL,HIGH,ZERO,HIGH,NORMAL,NORMAL,NORMAL,LOW,NORMAL,False,NORMAL,False
HIGH,NORMAL,LOW,False,False,False,False,False,NORMAL,NORMAL,LOW,LOW,NORMAL,HIGH,ZERO,HIGH,HIGH,NORMAL,False,ZERO,NORMAL,HIGH,ZERO,HIGH,HIGH,NORMAL,NORMAL,LOW,NORMAL,False,HIGH,False
HIGH,NORMAL,LOW,False,False,False,False,False,HIGH,NORMAL,LOW,LOW,NORMAL,HIGH,ZERO,HIGH,HIGH,HIGH,False,ZERO,NORMAL,LOW,ZERO,HIGH,HIGH,LOW,HIGH,LOW,NORMAL,False,HIGH,False
NORMAL,NORMAL,ZERO,False,False,True,False,False,HIGH,NORMAL,LOW,LOW,NORMAL,LOW,ZERO,HIGH,LOW,LOW,False,ZERO,NORMAL,LOW,ZERO,HIGH,LOW,NORMAL,HIGH,LOW,HIGH,True,HIGH,True
HIGH,NORMAL,LOW,False,False,False,False,False,LOW,NORMAL,LOW,LOW,NORMAL,HIGH,ZERO,HIGH,HIGH,LOW,False,ZERO,NORMAL,LOW,ZERO,HIGH,HIGH,NORMAL,LOW,LOW,NORMAL,False,HIGH,False
HIGH,NORMAL,LOW,False,False,False,False,False,HIGH,NORMAL,LOW,LOW,NORMAL,HIGH,ZERO,HIGH,HIGH,HIGH,False,ZERO,NORMAL,LOW,ZERO,HIGH,HIGH,NORMAL,HIGH,LOW,HIGH,False,HIGH,False
HIGH,NORMAL,LOW,False,False,False,False,False,NORMAL,NORMAL,LOW,LOW,LOW,HIGH,ZERO,HIGH,HIGH,NORMAL,False,ZERO,NORMAL,LOW,ZERO,HIGH,HIGH,NORMAL,NORMAL,LOW,LOW,False,HIGH,False
HIGH,NORMAL,LOW,False,False,False,True,False,NORMAL,NORMAL,ZERO,LOW,NORMAL,HIGH,HIGH,HIGH,HIGH,NORMAL,False,HIGH,NORMAL,LOW,LOW,NORMAL,HIGH,NORMAL,NORMAL,LOW,HIGH,False,HIGH,False
NORMAL,NORMAL,LOW,False,False,False,False,False,NORMAL,NORMAL,LOW,LOW,NORMAL,HIGH,ZERO,HIGH,HIGH,NORMAL,False,ZERO,NORMAL,HIGH,ZERO,HIGH,HIGH,NORMAL,NORMAL,LOW,HIGH,False,HIGH,False
HIGH,NORMAL,LOW,False,False,True,False,False,NORMAL,NORMAL,LOW,LOW,NORMAL,NORMAL,ZERO,NORMAL,NORMAL,NORMAL,False,ZERO,NORMAL,NORMAL,ZERO,HIGH,HIGH,NORMAL,NORMAL,LOW,HIGH,False,HIGH,False
HIGH,NORMAL,LOW,False,False,False,False,False,HIGH,ONESIDED,NORMAL,LOW,NORMAL,LOW,LOW,HIGH,HIGH,HIGH,False,LOW,HIGH,LOW,LOW,HIGH,HIGH,NORMAL,NORMAL,LOW,HIGH,True,HIGH,False
HIGH,NORMAL,ZERO,False,False,False,False,False,NORMAL,NORMAL,LOW,LOW,NORMAL,HIGH,ZERO,HIGH,HIGH,NORMAL,False,ZERO,NORMAL,NORMAL,ZERO,HIGH,HIGH,NORMAL,NORMAL,LOW,HIGH,False,HIGH,True
HIGH,NORMAL,LOW,False,False,False,False,False,NORMAL,NORMAL,LOW,LOW,NORMAL,HIGH,ZERO,HIGH,HIGH,NORMAL,False,ZERO,NORMAL,HIGH,ZERO,HIGH,HIGH,NORMAL,NORMAL,LOW,HIGH,False,HIGH,False
NORMAL,NORMAL,ZERO,False,False,True,False,False,NORMAL,NORMAL,LOW,LOW,NORMAL,LOW,ZERO,NORMAL,NORMAL,NORMAL,False,ZERO,NORMAL,NORMAL,ZERO,HIGH,HIGH,LOW,NORMAL,LOW,HIGH,True,HIGH,True
HIGH,NORMAL,LOW,False,False,False,False,False,NORMAL,NORMAL,LOW,LOW,NORMAL,HIGH,ZERO,HIGH,HIGH,NORMAL,False,ZERO,NORMAL,HIGH,ZERO,HIGH,HIGH,NORMAL,NORMAL,LOW,LOW,False,HIGH,False
HIGH,NORMAL,LOW,False,False,False,False,False,NORMAL,NORMAL,LOW,LOW,NORMAL,HIGH,ZERO,HIGH,HIGH,NORMAL,False,ZERO,NORMAL,NORMAL,ZERO,HIGH,HIGH,NORMAL,NORMAL,LOW,LOW,False,HIGH,False
NORMAL,NORMAL,LOW,False,False,False,True,False,NORMAL,NORMAL,LOW,NORMAL,NORMAL,HIGH,ZERO,HIGH,HIGH,NORMAL,False,ZERO,NORMAL,LOW,ZERO,HIGH,HIGH,NORMAL,NORMAL,NORMAL,LOW,False,HIGH,False
HIGH,NORMAL,LOW,False,False,False,False,False,NORMAL,NORMAL,LOW,LOW,NORMAL,NORMAL,ZERO,HIGH,HIGH,NORMAL,False,ZERO,NORMAL,NORMAL,ZERO,HIGH,HIGH,NORMAL,NORMAL,LOW,HIGH,False,HIGH,False
HIGH,NORMAL,HIGH,False,False,True,False,False,HIGH,NORMAL,HIGH,LOW,NORMAL,LOW,LOW,NORMAL,NORMAL,HIGH,False,LOW,NORMAL,HIGH,HIGH,HIGH,HIGH,LOW,HIGH,LOW,LOW,True,HIGH,False
HIGH,NORMAL,LOW,False,False,False,False,True,LOW,NORMAL,LOW,LOW,HIGH,LOW,ZERO,HIGH,HIGH,LOW,False,ZERO,NORMAL,HIGH,ZERO,HIGH,HIGH,NORMAL,LOW,LOW,HIGH,False,HIGH,False
HIGH,NORMAL,LOW,False,False,False,False,False,NORMAL,NORMAL,LOW,LOW,NORMAL,HIGH,ZERO,HIGH,HIGH,NORMAL,False,ZERO,NORMAL,LOW,ZERO,HIGH,HIGH,NORMAL,NORMAL,LOW,HIGH,False,HIGH,False
HIGH,NORMAL,ZERO,False,False,False,False,True,LOW,NORMAL,LOW,LOW,NORMAL,LOW,ZERO,HIGH,HIGH,LOW,True,ZERO,NORMAL,NORMAL,ZERO,HIGH,HIGH,NORMAL,LOW,LOW,ZERO,False,HIGH,True
HIGH,NORMAL,LOW,False,False,False,True,False,NORMAL,NORMAL,LOW,LOW,NORMAL,HIGH,ZERO,HIGH,HIGH,NORMAL,False,ZERO,NORMAL,LOW,ZERO,HIGH,HIGH,NORMAL,NORMAL,LOW,HIGH,False,HIGH,False
HIGH,NORMAL,LOW,False,False,False,False,False,NORMAL,NORMAL,LOW,LOW,NORMAL,HIGH,ZERO,NORMAL,HIGH,LOW,False,ZERO,NORMAL,NORMAL,ZERO,HIGH,HIGH,NORMAL,NORMAL,LOW,NORMAL,False,HIGH,False
HIGH,NORMAL,LOW,False,False,False,False,False,NORMAL,NORMAL,LOW,LOW,NORMAL,HIGH,ZERO,HIGH,HIGH,NORMAL,False,ZERO,NORMAL,NORMAL,ZERO,HIGH,HIGH,NORMAL,LOW,LOW,LOW,False,HIGH,False
HIGH,NORMAL,LOW,False,False,False,False,False,NORMAL,ONESIDED,NORMAL,LOW,NORMAL,HIGH,ZERO,HIGH,HIGH,NORMAL,False,LOW,HIGH,NORMAL,LOW,HIGH,HIGH,NORMAL,NORMAL,LOW,HIGH,False,HIGH,False
HIGH,NORMAL,LOW,False,False,False,False,False,NORMAL,NORMAL,LOW,LOW,NORMAL,LOW,ZERO,HIGH,HIGH,NORMAL,False,ZERO,NORMAL,NORMAL,ZERO,HIGH,HIGH,NORMAL,NORMAL,LOW,LOW,False,HIGH,False
HIGH,NORMAL,LOW,False,False,False,False,False,NORMAL,NORMAL,LOW,LOW,NORMAL,HIGH,ZERO,HIGH,HIGH,NORMAL,False,ZERO,NORMAL,NORMAL,ZERO,HIGH,HIGH,NORMAL,NORMAL,LOW,HIGH,False,HIGH,False
NORMAL,NORMAL,HIGH,False,False,False,False,False,HIGH,ONESIDED,HIGH,NORMAL,HIGH,HIGH,HIGH,HIGH,HIGH,HIGH,False,LOW,HIGH,HIGH,HIGH,HIGH,HIGH,NORMAL,NORMAL,LOW,HIGH,True,HIGH,False
HIGH,NORMAL,LOW,False,False,False,False,False,LOW,NORMAL,HIGH,LOW,NORMAL,HIGH,LOW,HIGH,HIGH,LOW,False,LOW,NORMAL,NORMAL,HIGH,HIGH,HIGH,NORMAL,LOW,LOW,NORMAL,False,HIGH,False
HIGH,NORMAL,LOW,False,False,False,False,False,NORMAL,NORMAL,ZERO,LOW,NORMAL,HIGH,ZERO,HIGH,HIGH,NORMAL,False,ZERO,NORMAL,HIGH,ZERO,HIGH,HIGH,NORMAL,NORMAL,LOW,HIGH,False,HIGH,False
LOW,NORMAL,ZERO,False,False,True,False,True,LOW,NORMAL,LOW,HIGH,NORMAL,LOW,HIGH,HIGH,NORMAL,NORMAL,False,HIGH,NORMAL,HIGH,LOW,LOW,NORMAL,NORMAL,LOW,HIGH,HIGH,True,NORMAL,True
HIGH,NORMAL,LOW,False,False,False,False,False,NORMAL,NORMAL,LOW,LOW,NORMAL,HIGH,NORMAL,HIGH,HIGH,NORMAL,False,ZERO,NORMAL,LOW,ZERO,HIGH,HIGH,NORMAL,NORMAL,LOW,LOW,False,HIGH,False
HIGH,NORMAL,LOW,False,False,False,False,False,HIGH,NORMAL,LOW,LOW,NORMAL,HIGH,ZERO,HIGH,HIGH,HIGH,False,ZERO,NORMAL,NORMAL,ZERO,HIGH,HIGH,NORMAL,HIGH,NORMAL,NORMAL,True,HIGH,False
HIGH,NORMAL,LOW,False,False,False,True,False,NORMAL,ONESIDED,NORMAL,LOW,NORMAL,HIGH,ZERO,HIGH,HIGH,NORMAL,False,LOW,HIGH,LOW,LOW,HIGH,HIGH,NORMAL,NORMAL,LOW,HIGH,False,HIGH,False
HIGH,NORMAL,LOW,False,False,False,False,False,NORMAL,NORMAL,LOW,LOW,NORMAL,HIGH,ZERO,HIGH,HIGH,NORMAL,False,ZERO,NORMAL,NORMAL,ZERO,HIGH,HIGH,NORMAL,NORMAL,LOW,NORMAL,False,HIGH,False
HIGH,NORMAL,ZERO,False,False,False,False,False,NORMAL,NORMAL,LOW,LOW,NORMAL,HIGH,ZERO,HIGH,HIGH,NORMAL,False,ZERO,NORMAL,LOW,ZERO,HIGH,HIGH,NORMAL,NORMAL,LOW,HIGH,False,HIGH,True
HIGH,NORMAL,LOW,False,False,False,True,False,NORMAL,NORMAL,LOW,LOW,NORMAL,HIGH,ZERO,HIGH,HIGH,NORMAL,False,ZERO,NORMAL,HIGH,ZERO,HIGH,HIGH,NORMAL,NORMAL,LOW,LOW,False,HIGH,False
HIGH,NORMAL,LOW,False,False,False,False,False,NORMAL,NORMAL,LOW,LOW,NORMAL,HIGH,ZERO,HIGH,HIGH,NORMAL,False,ZERO,HIGH,HIGH,ZERO,HIGH,HIGH,NORMAL,NORMAL,LOW,HIGH,False,HIGH,False
HIGH,NORMAL,LOW,False,False,False,False,False,HIGH,NORMAL,LOW,LOW,NORMAL,HIGH,ZERO,HIGH,HIGH,HIGH,False,ZERO,NORMAL,LOW,ZERO,HIGH,HIGH,NORMAL,NORMAL,LOW,LOW,False,HIGH,False
LOW,NORMAL,LOW,False,False,False,False,False,NORMAL,ESOPHAGEAL,NORMAL,LOW,HIGH,NORMAL,ZERO,LOW,LOW,NORMAL,False,ZERO,NORMAL,NORMAL,LOW,HIGH,NORMAL,NORMAL,NORMAL,LOW,HIGH,False,HIGH,True
HIGH,NORMAL,LOW,False,False,False,False,False,NORMAL,NORMAL,LOW,LOW,NORMAL,HIGH,ZERO,HIGH,HIGH,NORMAL,False,ZERO,NORMAL,HIGH,ZERO,HIGH,HIGH,NORMAL,NORMAL,LOW,NORMAL,True,HIGH,False
HIGH,NORMAL,LOW,False,False,True,True,False,HIGH,NORMAL,LOW,LOW,NORMAL,HIGH,ZERO,NORMAL,NORMAL,HIGH,False,ZERO,NORMAL,LOW,ZERO,HIGH,HIGH,NORMAL,HIGH,LOW,NORMAL,True,HIGH,False
HIGH,NORMAL,ZERO,False,False,False,False,False,HIGH,NORMAL,LOW,LOW,NORMAL,HIGH,ZERO,HIGH,HIGH,HIGH,False,ZERO,NORMAL,HIGH,ZERO,HIGH,HIGH,NORMAL,HIGH,LOW,HIGH,True,HIGH,True
HIGH,NORMAL,LOW,False,False,False,False,False,NORMAL,NORMAL,LOW,LOW,NORMAL,HIGH,ZERO,HIGH,HIGH,NORMAL,False,ZERO,NORMAL,LOW,ZERO,HIGH,HIGH,NORMAL,NORMAL,LOW,LOW,False,HIGH,False
HIGH,NORMAL,NORMAL,False,False,False,False,False,NORMAL,NORMAL,HIGH,LOW,NORMAL,HIGH,LOW,HIGH,HIGH,NORMAL,False,LOW,NORMAL,LOW,HIGH,HIGH,HIGH,NORMAL,NORMAL,LOW,HIGH,False,HIGH,False
HIGH,NORMAL,LOW,False,False,True,False,False,NORMAL,NORMAL,LOW,LOW,HIGH,HIGH,ZERO,NORMAL,NORMAL,NORMAL,False,ZERO,NORMAL,HIGH,ZERO,HIGH,HIGH,NORMAL,NORMAL,LOW,HIGH,False,HIGH,False
HIGH,NORMAL,LOW,False,False,False,False,False,LOW,NORMAL,LOW,LOW,LOW,HIGH,ZERO,HIGH,HIGH,LOW,False,ZERO,NORMAL,NORMAL,ZERO,HIGH,HIGH,NORMAL,LOW,LOW,NORMAL,False,HIGH,False
HIGH,NORMAL,HIGH,False,False,True,False,False,NORMAL,NORMAL,LOW,HIGH,NORMAL,HIGH,ZERO,NORMAL,NORMAL,NORMAL,False,HIGH,NORMAL,NORMAL,LOW,LOW,HIGH,NORMAL,NORMAL,HIGH,LOW,True,HIGH,False
HIGH,NORMAL,LOW,False,False,False,False,False,NORMAL,NORMAL,LOW,LOW,NORMAL,HIGH,ZERO,HIGH,HIGH,NORMAL,False,ZERO,NORMAL,HIGH,ZERO,HIGH,HIGH,NORMAL,NORMAL,LOW,HIGH,False,HIGH,False
HIGH,NORMAL,ZERO,False,False,False,True,False,LOW,ONESIDED,LOW,LOW,NORMAL,LOW,NORMAL,HIGH,HIGH,LOW,False,NORMAL,HIGH,LOW,ZERO,NORMAL,HIGH,NORMAL,NORMAL,LOW,LOW,False,HIGH,True
HIGH,NORMAL,LOW,False,False,False,False,False,NORMAL,NORMAL,LOW,LOW,NORMAL,HIGH,ZERO,HIGH,HIGH,NORMAL,False,ZERO,NORMAL,LOW,ZERO,HIGH,HIGH,NORMAL,NORMAL,LOW,NORMAL,False,HIGH,False
HIGH,NORMAL,ZERO,False,False,False,False,False,NORMAL,NORMAL,LOW,HIGH,NORMAL,HIGH,HIGH,HIGH,HIGH,NORMAL,False,HIGH,NORMAL,NORMAL,LOW,LOW,HIGH,NORMAL,NORMAL,HIGH,HIGH,False,HIGH,True
HIGH,NORMAL,LOW,False,False,False,False,False,NORMAL,NORMAL,LOW,LOW,NORMAL,HIGH,ZERO,HIGH,HIGH,NORMAL,False,ZERO,NORMAL,NORMAL,ZERO,HIGH,HIGH,NORMAL,NORMAL,LOW,LOW,False,HIGH,False
HIGH,NORMAL,LOW,False,False,False,False,False,NORMAL,ONESIDED,NORMAL,LOW,NORMAL,HIGH,ZERO,HIGH,HIGH,NORMAL,False,LOW,HIGH,NORMAL,LOW,HIGH,HIGH,NORMAL,NORMAL,LOW,HIGH,False,HIGH,False
HIGH,NORMAL,LOW,False,False,True,False,False,NORMAL,NORMAL,LOW,LOW,NORMAL,HIGH,ZERO,NORMAL,NORMAL,NORMAL,False,ZERO,NORMAL,NORMAL,ZERO,HIGH,HIGH,NORMAL,NORMAL,LOW,HIGH,False,HIGH,False
HIGH,NORMAL,LOW,False,False,False,False,False,NORMAL,NORMAL,LOW,LOW,NORMAL,HIGH,ZERO,HIGH,HIGH,NORMAL,False,ZERO,NORMAL,LOW,ZERO,HIGH,HIGH,NORMAL,NORMAL,LOW,LOW,False,HIGH,False
HIGH,NORMAL,LOW,False,False,False,False,False,NORMAL,ONESIDED,NORMAL,LOW,NORMAL,HIGH,ZERO,HIGH,HIGH,NORMAL,False,LOW,HIGH,LOW,LOW,HIGH,HIGH,NORMAL,NORMAL,LOW,HIGH,False,HIGH,False
HIGH,NORMAL,LOW,False,False,False,False,False,NORMAL,NORMAL,LOW,LOW,NORMAL,HIGH,ZERO,HIGH,HIGH,NORMAL,False,ZERO,NORMAL,HIGH,ZERO,HIGH,HIGH,NORMAL,NORMAL,LOW,HIGH,False,HIGH,False
HIGH,NORMAL,LOW,False,False,False,False,False,NORMAL,NORMAL,LOW,LOW,NORMAL,HIGH,ZERO,HIGH,HIGH,NORMAL,False,ZERO,NORMAL,HIGH,ZERO,HIGH,HIGH,NORMAL,NORMAL,LOW,NORMAL,False,HIGH,False
HIGH,NORMAL,LOW,False,False,False,False,False,NORMAL,NORMAL,LOW,LOW,NORMAL,HIGH,ZERO,HIGH,HIGH,NORMAL,False,ZERO,NORMAL,LOW,ZERO,HIGH,HIGH,NORMAL,NORMAL,LOW,NORMAL,False,HIGH,False
HIGH,NORMAL,LOW,False,False,False,False,False,NORMAL,NORMAL,LOW,LOW,NORMAL,HIGH,ZERO,HIGH,HIGH,NORMAL,False,ZERO,NORMAL,HIGH,ZERO,HIGH,HIGH,NORMAL,NORMAL,LOW,HIGH,False,HIGH,False
HIGH,NORMAL,LOW,False,False,False,False,True,HIGH,NORMAL,LOW,LOW,NORMAL,LOW,ZERO,HIGH,HIGH,HIGH,False,ZERO,NORMAL,LOW,ZERO,HIGH,HIGH,NORMAL,HIGH,LOW,NORMAL,False,HIGH,False
HIGH,NORMAL,LOW,False,False,False,False,False,NORMAL,NORMAL,LOW,LOW,NORMAL,HIGH,ZERO,HIGH,HIGH,NORMAL,False,ZERO,NORMAL,HIGH,ZERO,HIGH,HIGH,NORMAL,NORMAL,LOW,NORMAL,False,HIGH,False
HIGH,NORMAL,LOW,False,False,False,False,False,NORMAL,ESOPHAGEAL,ZERO,LOW,NORMAL,HIGH,ZERO,HIGH,HIGH,NORMAL,False,NORMAL,NORMAL,NORMAL,LOW,NORMAL,HIGH,NORMAL,NORMAL,LOW,HIGH,False,HIGH,False
LOW,NORMAL,LOW,False,False,False,False,False,NORMAL,NORMAL,LOW,LOW,NORMAL,NORMAL,ZERO,LOW,LOW,LOW,False,ZERO,NORMAL,HIGH,ZERO,HIGH,NORMAL,NORMAL,NORMAL,LOW,NORMAL,False,NORMAL,False
HIGH,NORMAL,LOW,False,False,False,False,False,NORMAL,NORMAL,LOW,LOW,HIGH,HIGH,ZERO,HIGH,HIGH,NORMAL,False,ZERO,NORMAL,NORMAL,ZERO,HIGH,HIGH,NORMAL,NORMAL,LOW,LOW,False,HIGH,False
HIGH,NORMAL,LOW,False,False,False,True,False,NORMAL,NORMAL,LOW,LOW,NORMAL,HIGH,ZERO,HIGH,HIGH,NORMAL,False,ZERO,NORMAL,NORMAL,ZERO,HIGH,HIGH,NORMAL,NORMAL,LOW,LOW,False,HIGH,False
HIGH,NORMAL,LOW,False,False,False,False,False,NORMAL,NORMAL,LOW,LOW,NORMAL,HIGH,ZERO,HIGH,HIGH,NORMAL,False,ZERO,NORMAL,LOW,ZERO,HIGH,HIGH,NORMAL,NORMAL,LOW,HIGH,False,HIGH,False
HIGH,NORMAL,LOW,False,False,False,False,False,LOW,NORMAL,LOW,LOW,NORMAL,LOW,ZERO,HIGH,HIGH,LOW,False,ZERO,NORMAL,HIGH,ZERO,HIGH,HIGH,NORMAL,LOW,LOW,HIGH,False,HIGH,False
HIGH,NORMAL,LOW,False,False,False,False,False,NORMAL,NORMAL,LOW,LOW,NORMAL,HIGH,ZERO,HIGH,HIGH,NORMAL,False,ZERO,NORMAL,HIGH,ZERO,HIGH,HIGH,NORMAL,NORMAL,LOW,HIGH,False,HIGH,False
LOW,NORMAL,LOW,False,False,False,False,False,NORMAL,NORMAL,LOW,LOW,NORMAL,LOW,ZERO,LOW,LOW,NORMAL,False,ZERO,NORMAL,HIGH,ZERO,HIGH,LOW,NORMAL,HIGH,LOW,HIGH,False,HIGH,False
LOW,NORMAL,ZERO,False,False,False,False,False,LOW,NORMAL,ZERO,HIGH,NORMAL,NORMAL,HIGH,LOW,LOW,LOW,False,HIGH,NORMAL,HIGH,LOW,NORMAL,NORMAL,NORMAL,LOW,HIGH,HIGH,False,NORMAL,False
HIGH,NORMAL,LOW,False,False,False,False,False,HIGH,NORMAL,LOW,LOW,NORMAL,HIGH,ZERO,HIGH,HIGH,HIGH,False,ZERO,NORMAL,HIGH,ZERO,HIGH,HIGH,LOW,NORMAL,LOW,LOW,False,HIGH,False
HIGH,NORMAL,LOW,False,False,False,False,False,LOW,NORMAL,LOW,LOW,NORMAL,HIGH,ZERO,HIGH,HIGH,LOW,False,ZERO,NORMAL,NORMAL,ZERO,HIGH,HIGH,NORMAL,LOW,LOW,HIGH,False,HIGH,False
LOW,NORMAL,LOW,False,False,False,False,False,NORMAL,NORMAL,LOW,LOW,NORMAL,NORMAL,ZERO,LOW,LOW,NORMAL,False,ZERO,HIGH,NORMAL,ZERO,HIGH,NORMAL,NORMAL,NORMAL,LOW,LOW,False,HIGH,False
LOW,NORMAL,LOW,False,False,False,False,False,NORMAL,NORMAL,LOW,LOW,NORMAL,LOW,ZERO,LOW,LOW,NORMAL,False,ZERO,NORMAL,LOW,ZERO,HIGH,NORMAL,NORMAL,NORMAL,LOW,LOW,False,HIGH,False
HIGH,NORMAL,LOW,False,False,False,False,False,NORMAL,NORMAL,LOW,LOW,NORMAL,HIGH,ZERO,HIGH,HIGH,NORMAL,False,ZERO,NORMAL,LOW,ZERO,HIGH,HIGH,NORMAL,NORMAL,LOW,LOW,False,HIGH,False
HIGH,NORMAL,LOW,False,False,True,False,False,NORMAL,NORMAL,LOW,LOW,NORMAL,HIGH,LOW,NORMAL,NORMAL,NORMAL,False,ZERO,NORMAL,NORMAL,ZERO,HIGH,HIGH,NORMAL,NORMAL,LOW,HIGH,False,HIGH,False
LOW,NORMAL,LOW,False,True,True,False,False,NORMAL,NORMAL,LOW,LOW,NORMAL,NORMAL,ZERO,LOW,LOW,NORMAL,True,ZERO,HIGH,HIGH,ZERO,HIGH,NORMAL,NORMAL,NORMAL,LOW,HIGH,False,NORMAL,False
HIGH,NORMAL,ZERO,False,False,False,False,False,NORMAL,NORMAL,LOW,HIGH,NORMAL,HIGH,HIGH,HIGH,HIGH,NORMAL,False,HIGH,NORMAL,LOW,LOW,LOW,HIGH,NORMAL,NORMAL,HIGH,HIGH,False,HIGH,True
LOW,NORMAL,LOW,False,False,False,False,False,NORMAL,ONESIDED,LOW,LOW,NORMAL,NORMAL,NORMAL,LOW,LOW,NORMAL,False,NORMAL,HIGH,HIGH,ZERO,NORMAL,NORMAL,NORMAL,NORMAL,LOW,HIGH,False,NORMAL,False
LOW,NORMAL,ZERO,False,False,False,False,False,HIGH,NORMAL,LOW,HIGH,NORMAL,LOW,HIGH,LOW,LOW,HIGH,False,HIGH,NORMAL,HIGH,LOW,LOW,NORMAL,NORMAL,HIGH,HIGH,HIGH,True,NORMAL,True
HIGH,NORMAL,LOW,False,False,False,False,False,HIGH,NORMAL,LOW,LOW,NORMAL,HIGH,ZERO,HIGH,HIGH,NORMAL,False,ZERO,NORMAL,LOW,ZERO,HIGH,HIGH,NORMAL,HIGH,LOW,HIGH,True,HIGH,False
HIGH,NORMAL,LOW,False,False,False,False,False,NORMAL,NORMAL,LOW,LOW,NORMAL,HIGH,ZERO,HIGH,HIGH,NORMAL,False,LOW,NORMAL,LOW,ZERO,HIGH,HIGH,NORMAL,NORMAL,LOW,HIGH,False,HIGH,False
HIGH,NORMAL,LOW,False,False,False,False,False,NORMAL,ESOPHAGEAL,LOW,LOW,HIGH,LOW,LOW,HIGH,HIGH,NORMAL,True,LOW,NORMAL,HIGH,ZERO,HIGH,HIGH,NORMAL,NORMAL,LOW,HIGH,False,HIGH,False
HIGH,NORMAL,LOW,False,False,False,False,False,HIGH,NORMAL,LOW,LOW,HIGH,HIGH,ZERO,HIGH,HIGH,HIGH,False,ZERO,NORMAL,NORMAL,ZERO,HIGH,HIGH,NORMAL,NORMAL,LOW,LOW,True,HIGH,False
LOW,NORMAL,LOW,False,False,False,False,True,LOW,NORMAL,LOW,LOW,NORMAL,LOW,ZERO,LOW,LOW,LOW,False,ZERO,NORMAL,HIGH,ZERO,HIGH,NORMAL,NORMAL,LOW,LOW,LOW,True,HIGH,False
HIGH,NORMAL,LOW,False,False,False,False,False,LOW,NORMAL,LOW,LOW,NORMAL,HIGH,ZERO,HIGH,HIGH,LOW,False,ZERO,NORMAL,LOW,ZERO,HIGH,HIGH,NORMAL,LOW,LOW,LOW,False,HIGH,False
HIGH,NORMAL,LOW,False,False,False,False,False,NORMAL,NORMAL,HIGH,LOW,NORMAL,HIGH,ZERO,HIGH,HIGH,NORMAL,False,ZERO,NORMAL,NORMAL,ZERO,HIGH,HIGH,NORMAL,NORMAL,LOW,NORMAL,False,HIGH,False
LOW,NORMAL,LOW,False,False,False,False,False,HIGH,NORMAL,LOW,LOW,NORMAL,LOW,ZERO,HIGH,HIGH,HIGH,False,ZERO,NORMAL,LOW,ZERO,HIGH,HIGH,NORMAL,HIGH,LOW,LOW,True,HIGH,False
NORMAL,NORMAL,ZERO,False,False,False,False,False,NORMAL,NORMAL,LOW,HIGH,NORMAL,HIGH,HIGH,HIGH,HIGH,NORMAL,False,HIGH,NORMAL,NORMAL,LOW,LOW,HIGH,NORMAL,LOW,HIGH,HIGH,False,HIGH,True
HIGH,NORMAL,LOW,False,False,False,False,False,NORMAL,NORMAL,LOW,LOW,NORMAL,HIGH,ZERO,HIGH,HIGH,NORMAL,False,ZERO,NORMAL,NORMAL,ZERO,HIGH,HIGH,NORMAL,NORMAL,LOW,NORMAL,True,HIGH,False
HIGH,NORMAL,LOW,False,False,False,False,False,NORMAL,NORMAL,LOW,LOW,HIGH,HIGH,ZERO,HIGH,HIGH,NORMAL,False,ZERO,NORMAL,LOW,ZERO,HIGH,HIGH,NORMAL,NORMAL,LOW,HIGH,False,HIGH,False
HIGH,NORMAL,LOW,False,False,False,False,False,NORMAL,NORMAL,LOW,LOW,NORMAL,HIGH,ZERO,HIGH,HIGH,NORMAL,False,ZERO,NORMAL,NORMAL,ZERO,HIGH,HIGH,NORMAL,NORMAL,LOW,NORMAL,False,HIGH,False
HIGH,NORMAL,LOW,False,False,False,False,False,NORMAL,NORMAL,LOW,LOW,NORMAL,HIGH,ZERO,HIGH,HIGH,NORMAL,False,ZERO,NORMAL,LOW,ZERO,HIGH,HIGH,NORMAL,NORMAL,LOW,NORMAL,False,HIGH,False
HIGH,NORMAL,ZERO,False,False,False,False,False,NORMAL,NORMAL,ZERO,LOW,NORMAL,LOW,ZERO,HIGH,HIGH,NORMAL,True,ZERO,NORMAL,LOW,ZERO,HIGH,HIGH,NORMAL,NORMAL,LOW,ZERO,False,HIGH,True
HIGH,NORMAL,NORMAL,False,False,False,False,False,NORMAL,NORMAL,HIGH,LOW,NORMAL,HIGH,LOW,HIGH,HIGH,NORMAL,False,LOW,NORMAL,NORMAL,HIGH,HIGH,HIGH,NORMAL,NORMAL,LOW,HIGH,False,HIGH,False
HIGH,NORMAL,LOW,False,False,True,False,False,HIGH,NORMAL,LOW,LOW,NORMAL,HIGH,ZERO,NORMAL,NORMAL,HIGH,False,ZERO,NORMAL,NORMAL,ZERO,HIGH,HIGH,NORMAL,NORMAL,LOW,NORMAL,True,HIGH,False
HIGH,NORMAL,LOW,False,False,False,False,False,NORMAL,NORMAL,LOW,LOW,NORMAL,HIGH,ZERO,HIGH,HIGH,NORMAL,False,ZERO,NORMAL,NORMAL,ZERO,HIGH,HIGH,NORMAL,NORMAL,LOW,NORMAL,False,HIGH,False
HIGH,NORMAL,LOW,False,False,False,False,False,NORMAL,NORMAL,LOW,LOW,NORMAL,HIGH,LOW,HIGH,HIGH,NORMAL,False,ZERO,NORMAL,LOW,ZERO,HIGH,HIGH,NORMAL,NORMAL,LOW,NORMAL,False,HIGH,False
HIGH,NORMAL,LOW,False,False,False,False,False,NORMAL,NORMAL,LOW,LOW,NORMAL,HIGH,ZERO,HIGH,LOW,NORMAL,False,ZERO,NORMAL,LOW,ZERO,HIGH,HIGH,NORMAL,NORMAL,LOW,HIGH,False,HIGH,False
HIGH,NORMAL,LOW,False,False,False,False,False,NORMAL,NORMAL,LOW,LOW,NORMAL,HIGH,ZERO,HIGH,HIGH,NORMAL,False,ZERO,NORMAL,NORMAL,ZERO,HIGH,HIGH,NORMAL,NORMAL,LOW,LOW,False,HIGH,False
HIGH,NORMAL,LOW,False,False,False,False,False,NORMAL,NORMAL,LOW,LOW,NORMAL,HIGH,ZERO,HIGH,LOW,NORMAL,False,ZERO,NORMAL,HIGH,ZERO,HIGH,HIGH,NORMAL,NORMAL,LOW,LOW,False,HIGH,False
HIGH,NORMAL,LOW,False,False,False,False,False,NORMAL,NORMAL,LOW,LOW,NORMAL,HIGH,ZERO,HIGH,HIGH,NORMAL,False,ZERO,NORMAL,HIGH,ZERO,HIGH,HIGH,NORMAL,NORMAL,LOW,LOW,False,HIGH,False
HIGH,NORMAL,LOW,False,False,False,False,False,NORMAL,NORMAL,LOW,LOW,NORMAL,HIGH,ZERO,HIGH,HIGH,NORMAL,False,ZERO,NORMAL,LOW,ZERO,HIGH,HIGH,NORMAL,NORMAL,LOW,LOW,False,HIGH,False
HIGH,NORMAL,LOW,False,False,False,False,False,NORMAL,NORMAL,LOW,LOW,NORMAL,HIGH,ZERO,HIGH,HIGH,NORMAL,False,ZERO,NORMAL,LOW,ZERO,HIGH,HIGH,NORMAL,NORMAL,LOW,NORMAL,False,HIGH,False
HIGH,NORMAL,LOW,False,False,False,False,False,NORMAL,NORMAL,LOW,LOW,NORMAL,HIGH,ZERO,HIGH,HIGH,NORMAL,False,ZERO,NORMAL,HIGH,ZERO,HIGH,HIGH,NORMAL,NORMAL,LOW,NORMAL,False,HIGH,False
HIGH,NORMAL,LOW,False,False,False,False,False,NORMAL,NORMAL,LOW,LOW,NORMAL,HIGH,ZERO,HIGH,HIGH,NORMAL,False,ZERO,NORMAL,NORMAL,ZERO,HIGH,HIGH,NORMAL,NORMAL,LOW,LOW,False,HIGH,False
HIGH,NORMAL,LOW,False,False,False,False,False,NORMAL,NORMAL,LOW,LOW,NORMAL,HIGH,ZERO,HIGH,LOW,NORMAL,False,ZERO,NORMAL,NORMAL,ZERO,HIGH,HIGH,NORMAL,NORMAL,LOW,NORMAL,False,HIGH,False
HIGH,NORMAL,LOW,False,False,False,False,False,HIGH,NORMAL,LOW,LOW,NORMAL,HIGH,ZERO,HIGH,HIGH,NORMAL,False,ZERO,NORMAL,NORMAL,ZERO,HIGH,HIGH,NORMAL,HIGH,LOW,NORMAL,False,HIGH,False
HIGH,NORMAL,LOW,False,False,False,False,False,NORMAL,NORMAL,LOW,LOW,NORMAL,HIGH,ZERO,HIGH,HIGH,NORMAL,False,ZERO,NORMAL,HIGH,ZERO,HIGH,HIGH,NORMAL,NORMAL,LOW,NORMAL,False,HIGH,False
HIGH,NORMAL,LOW,True,False,False,False,False,NORMAL,NORMAL,LOW,LOW,NORMAL,HIGH,ZERO,HIGH,HIGH,NORMAL,False,ZERO,HIGH,LOW,ZERO,HIGH,HIGH,NORMAL,NORMAL,LOW,NORMAL,False,HIGH,False
HIGH,NORMAL,LOW,False,False,False,False,False,NORMAL,NORMAL,LOW,LOW,NORMAL,HIGH,ZERO,LOW,HIGH,NORMAL,False,ZERO,NORMAL,NORMAL,ZERO,HIGH,HIGH,NORMAL,NORMAL,LOW,HIGH,False,HIGH,False
HIGH,NORMAL,LOW,False,False,False,False,False,NORMAL,NORMAL,LOW,LOW,NORMAL,HIGH,ZERO,HIGH,HIGH,NORMAL,False,ZERO,NORMAL,LOW,ZERO,HIGH,HIGH,NORMAL,NORMAL,LOW,HIGH,False,HIGH,False
NORMAL,NORMAL,LOW,False,False,False,False,False,NORMAL,NORMAL,LOW,LOW,NORMAL,HIGH,ZERO,HIGH,HIGH,LOW,False,ZERO,NORMAL,HIGH,ZERO,HIGH,HIGH,NORMAL,NORMAL,LOW,NORMAL,False,HIGH,False
HIGH,NORMAL,LOW,False,False,False,False,False,NORMAL,ONESIDED,NORMAL,LOW,NORMAL,HIGH,ZERO,HIGH,HIGH,NORMAL,False,LOW,HIGH,HIGH,LOW,HIGH,HIGH,NORMAL,NORMAL,LOW,HIGH,False,HIGH,False
LOW,NORMAL,LOW,False,False,False,False,False,NORMAL,NORMAL,LOW,LOW,NORMAL,NORMAL,ZERO,NORMAL,LOW,NORMAL,False,ZERO,NORMAL,HIGH,ZERO,HIGH,NORMAL,NORMAL,NORMAL,LOW,LOW,False,HIGH,False
HIGH,NORMAL,LOW,False,False,True,False,False,NORMAL,NORMAL,LOW,LOW,NORMAL,LOW,ZERO,NORMAL,NORMAL,NORMAL,False,ZERO,NORMAL,NORMAL,ZERO,HIGH,HIGH,NORMAL,NORMAL,LOW,LOW,False,HIGH,False
HIGH,NORMAL,LOW,False,False,False,True,False,NORMAL,ESOPHAGEAL,NORMAL,LOW,NORMAL,HIGH,ZERO,HIGH,HIGH,NORMAL,False,ZERO,NORMAL,LOW,LOW,HIGH,HIGH,NORMAL,NORMAL,LOW,NORMAL,False,HIGH,False
HIGH,NORMAL,ZERO,False,False,False,False,True,LOW,NORMAL,LOW,LOW,LOW,LOW,ZERO,HIGH,HIGH,LOW,False,ZERO,NORMAL,NORMAL,ZERO,HIGH,HIGH,NORMAL,LOW,LOW,HIGH,True,HIGH,True
HIGH,NORMAL,LOW,False,False,False,False,False,LOW,NORMAL,LOW,HIGH,NORMAL,HIGH,HIGH,HIGH,HIGH,LOW,False,HIGH,NORMAL,NORMAL,LOW,LOW,HIGH,NORMAL,LOW,HIGH,LOW,False,HIGH,False
HIGH,NORMAL,LOW,False,False,False,False,False,NORMAL,NORMAL,LOW,LOW,NORMAL,LOW,ZERO,HIGH,HIGH,NORMAL,False,ZERO,NORMAL,LOW,ZERO,HIGH,HIGH,NORMAL,NORMAL,LOW,NORMAL,False,HIGH,False
HIGH,NORMAL,ZERO,False,False,False,False,False,HIGH,NORMAL,LOW,HIGH,NORMAL,LOW,HIGH,HIGH,HIGH,HIGH,False,HIGH,NORMAL,LOW,LOW,LOW,HIGH,NORMAL,NORMAL,HIGH,HIGH,True,HIGH,True
HIGH,NORMAL,LOW,False,False,False,False,False,NORMAL,NORMAL,LOW,LOW,NORMAL,HIGH,ZERO,HIGH,HIGH,NORMAL,False,ZERO,NORMAL,NORMAL,ZERO,HIGH,HIGH,NORMAL,NORMAL,LOW,LOW,False,NORMAL,False
HIGH,NORMAL,LOW,False,False,False,False,False,NORMAL,NORMAL,LOW,LOW,NORMAL,HIGH,ZERO,HIGH,HIGH,NORMAL,False,ZERO,NORMAL,LOW,ZERO,HIGH,HIGH,NORMAL,LOW,LOW,LOW,False,HIGH,False
HIGH,NORMAL,LOW,False,False,False,False,True,LOW,NORMAL,LOW,LOW,NORMAL,LOW,HIGH,HIGH,HIGH,LOW,False,ZERO,NORMAL,LOW,ZERO,HIGH,HIGH,NORMAL,LOW,LOW,NORMAL,False,HIGH,False
LOW,NORMAL,LOW,False,False,False,False,False,NORMAL,NORMAL,LOW,LOW,NORMAL,NORMAL,ZERO,LOW,LOW,NORMAL,False,ZERO,NORMAL,NORMAL,ZERO,HIGH,NORMAL,NORMAL,NORMAL,LOW,LOW,False,HIGH,False
HIGH,NORMAL,LOW,False,False,False,False,False,NORMAL,NORMAL,NORMAL,HIGH,NORMAL,HIGH,LOW,HIGH,HIGH,NORMAL,False,HIGH,NORMAL,LOW,NORMAL,LOW,HIGH,NORMAL,NORMAL,HIGH,LOW,False,HIGH,False
HIGH,NORMAL,LOW,False,False,False,False,False,NORMAL,NORMAL,LOW,LOW,NORMAL,HIGH,ZERO,HIGH,HIGH,NORMAL,False,ZERO,NORMAL,NORMAL,ZERO,HIGH,HIGH,NORMAL,NORMAL,LOW,HIGH,False,HIGH,False
HIGH,NORMAL,ZERO,False,False,True,False,False,NORMAL,NORMAL,LOW,HIGH,NORMAL,HIGH,HIGH,NORMAL,NORMAL,NORMAL,False,HIGH,NORMAL,NORMAL,LOW,LOW,HIGH,NORMAL,NORMAL,HIGH,HIGH,False,HIGH,False
HIGH,NORMAL,LOW,False,False,False,False,False,NORMAL,NORMAL,LOW,LOW,NORMAL,NORMAL,ZERO,HIGH,HIGH,NORMAL,False,LOW,NORMAL,LOW,ZERO,HIGH,HIGH,NORMAL,NORMAL,LOW,LOW,False,HIGH,False
HIGH,NORMAL,LOW,False,False,False,False,False,HIGH,NORMAL,LOW,LOW,NORMAL,LOW,ZERO,HIGH,HIGH,HIGH,False,ZERO,NORMAL,LOW,ZERO,HIGH,HIGH,NORMAL,NORMAL,LOW,NORMAL,True,HIGH,False
HIGH,NORMAL,LOW,False,False,False,False,False,HIGH,NORMAL,LOW,LOW,NORMAL,NORMAL,ZERO,HIGH,HIGH,HIGH,False,ZERO,NORMAL,HIGH,ZERO,HIGH,HIGH,NORMAL,HIGH,LOW,NORMAL,True,HIGH,False
HIGH,NORMAL,LOW,False,False,False,True,False,NORMAL,NORMAL,LOW,LOW,NORMAL,HIGH,ZERO,HIGH,HIGH,NORMAL,False,ZERO,NORMAL,HIGH,ZERO,HIGH,HIGH,LOW,NORMAL,LOW,NORMAL,False,HIGH,False
HIGH,NORMAL,LOW,False,False,False,False,False,NORMAL,NORMAL,LOW,LOW,NORMAL,HIGH,ZERO,HIGH,HIGH,NORMAL,False,ZERO,NORMAL,HIGH,ZERO,HIGH,HIGH,NORMAL,NORMAL,LOW,HIGH,False,HIGH,False
HIGH,NORMAL,LOW,False,False,False,False,False,NORMAL,NORMAL,LOW,LOW,NORMAL,HIGH,ZERO,HIGH,HIGH,NORMAL,False,ZERO,NORMAL,LOW,ZERO,HIGH,HIGH,NORMAL,NORMAL,LOW,HIGH,False,HIGH,False
LOW,NORMAL,LOW,False,False,False,False,False,HIGH,ONESIDED,NORMAL,LOW,NORMAL,LOW,ZERO,HIGH,HIGH,HIGH,False,LOW,HIGH,LOW,LOW,HIGH,HIGH,NORMAL,HIGH,LOW,HIGH,True,HIGH,False
HIGH,NORMAL,NORMAL,False,False,False,False,False,NORMAL,NORMAL,HIGH,LOW,NORMAL,LOW,LOW,HIGH,HIGH,NORMAL,False,LOW,NORMAL,LOW,HIGH,HIGH,HIGH,NORMAL,NORMAL,LOW,HIGH,False,HIGH,False
HIGH,NORMAL,LOW,False,False,False,False,False,NORMAL,NORMAL,LOW,LOW,NORMAL,NORMAL,ZERO,HIGH,HIGH,NORMAL,False,ZERO,NORMAL,NORMAL,ZERO,HIGH,HIGH,NORMAL,NORMAL,LOW,HIGH,False,HIGH,False
HIGH,NORMAL,LOW,False,False,False,False,False,NORMAL,NORMAL,LOW,LOW,LOW,HIGH,ZERO,HIGH,HIGH,NORMAL,False,ZERO,NORMAL,LOW,ZERO,HIGH,HIGH,NORMAL,NORMAL,LOW,HIGH,False,HIGH,False
LOW,NORMAL,ZERO,True,False,False,False,False,NORMAL,NORMAL,LOW,LOW,NORMAL,NORMAL,ZERO,LOW,LOW,NORMAL,False,ZERO,NORMAL,LOW,ZERO,HIGH,NORMAL,NORMAL,NORMAL,LOW,HIGH,False,HIGH,True
HIGH,NORMAL,LOW,False,False,False,False,False,NORMAL,NORMAL,LOW,LOW,NORMAL,NORMAL,ZERO,HIGH,HIGH,NORMAL,False,ZERO,NORMAL,NORMAL,ZERO,HIGH,HIGH,NORMAL,NORMAL,LOW,LOW,False,HIGH,False
HIGH,NORMAL,LOW,False,False,False,False,False,NORMAL,NORMAL,NORMAL,LOW,NORMAL,NORMAL,HIGH,HIGH,HIGH,NORMAL,False,ZERO,NORMAL,HIGH,ZERO,HIGH,HIGH,NORMAL,NORMAL,LOW,LOW,False,HIGH,False
HIGH,NORMAL,LOW,False,False,False,False,True,LOW,NORMAL,LOW,LOW,NORMAL,LOW,ZERO,HIGH,HIGH,LOW,False,ZERO,NORMAL,LOW,ZERO,NORMAL,HIGH,NORMAL,LOW,LOW,LOW,False,HIGH,False
LOW,NORMAL,LOW,False,False,False,False,False,HIGH,NORMAL,LOW,LOW,NORMAL,LOW,ZERO,LOW,LOW,HIGH,False,ZERO,NORMAL,HIGH,ZERO,HIGH,NORMAL,NORMAL,NORMAL,LOW,LOW,True,NORMAL,False
LOW,NORMAL,LOW,False,False,True,True,False,NORMAL,NORMAL,LOW,LOW,NORMAL,NORMAL,ZERO,LOW,NORMAL,NORMAL,False,ZERO,HIGH,NORMAL,ZERO,HIGH,NORMAL,NORMAL,NORMAL,LOW,NORMAL,False,HIGH,False
HIGH,NORMAL,LOW,False,False,False,False,False,NORMAL,NORMAL,LOW,LOW,NORMAL,HIGH,ZERO,HIGH,HIGH,NORMAL,True,ZERO,NORMAL,LOW,ZERO,HIGH,HIGH,NORMAL,NORMAL,LOW,LOW,False,HIGH,False
HIGH,NORMAL,LOW,False,False,False,True,False,NORMAL,NORMAL,LOW,LOW,NORMAL,HIGH,ZERO,HIGH,HIGH,NORMAL,False,ZERO,HIGH,LOW,ZERO,HIGH,HIGH,LOW,NORMAL,LOW,HIGH,False,HIGH,False
NORMAL,NORMAL,LOW,False,False,False,False,False,NORMAL,NORMAL,LOW,LOW,NORMAL,HIGH,ZERO,HIGH,HIGH,NORMAL,False,ZERO,NORMAL,LOW,ZERO,HIGH,HIGH,NORMAL,NORMAL,LOW,HIGH,False,HIGH,False
LOW,NORMAL,LOW,False,False,False,False,False,HIGH,NORMAL,LOW,LOW,NORMAL,LOW,ZERO,LOW,LOW,HIGH,False,ZERO,NORMAL,LOW,ZERO,HIGH,NORMAL,NORMAL,HIGH,LOW,HIGH,True,HIGH,False
LOW,NORMAL,LOW,False,False,False,False,True,LOW,NORMAL,LOW,LOW,NORMAL,LOW,ZERO,LOW,LOW,LOW,False,ZERO,HIGH,HIGH,ZERO,HIGH,NORMAL,NORMAL,LOW,LOW,NORMAL,False,NORMAL,False
HIGH,NORMAL,LOW,False,False,False,False,False,NORMAL,NORMAL,LOW,LOW,NORMAL,NORMAL,ZERO,HIGH,HIGH,NORMAL,False,ZERO,NORMAL,NORMAL,ZERO,HIGH,HIGH,NORMAL,NORMAL,LOW,LOW,False,HIGH,False
HIGH,NORMAL,LOW,False,False,False,False,False,NORMAL,NORMAL,LOW,LOW,NORMAL,HIGH,ZERO,HIGH,HIGH,NORMAL,False,ZERO,NORMAL,HIGH,ZERO,HIGH,HIGH,NORMAL,NORMAL,LOW,NORMAL,False,HIGH,False
HIGH,NORMAL,LOW,False,False,True,False,False,NORMAL,NORMAL,LOW,LOW,NORMAL,HIGH,ZERO,NORMAL,NORMAL,NORMAL,False,ZERO,NORMAL,NORMAL,ZERO,HIGH,HIGH,LOW,NORMAL,LOW,HIGH,False,HIGH,False
HIGH,NORMAL,LOW,False,False,True,False,False,NORMAL,NORMAL,LOW,LOW,LOW,HIGH,ZERO,NORMAL,NORMAL,NORMAL,False,ZERO,NORMAL,NORMAL,ZERO,HIGH,HIGH,NORMAL,NORMAL,LOW,LOW,False,HIGH,False
HIGH,NORMAL,LOW,False,False,False,True,False,NORMAL,ONESIDED,NORMAL,LOW,HIGH,HIGH,ZERO,HIGH,HIGH,NORMAL,False,LOW,HIGH,LOW,LOW,HIGH,HIGH,NORMAL,NORMAL,LOW,HIGH,False,HIGH,False
HIGH,NORMAL,LOW,False,False,True,False,False,HIGH,NORMAL,LOW,LOW,NORMAL,HIGH,ZERO,NORMAL,NORMAL,HIGH,False,ZERO,NORMAL,LOW,ZERO,HIGH,HIGH,NORMAL,HIGH,LOW,HIGH,True,HIGH,False
NORMAL,NORMAL,LOW,False,False,True,True,False,NORMAL,NORMAL,LOW,LOW,HIGH,HIGH,ZERO,NORMAL,NORMAL,NORMAL,True,ZERO,NORMAL,HIGH,ZERO,HIGH,HIGH,NORMAL,NORMAL,LOW,HIGH,False,HIGH,False
HIGH,NORMAL,LOW,False,False,False,False,True,LOW,NORMAL,LOW,LOW,NORMAL,LOW,ZERO,HIGH,HIGH,LOW,False,ZERO,NORMAL,LOW,ZERO,HIGH,HIGH,LOW,LOW,LOW,LOW,False,HIGH,False
HIGH,NORMAL,LOW,False,False,False,False,False,NORMAL,NORMAL,LOW,LOW,NORMAL,NORMAL,ZERO,HIGH,HIGH,NORMAL,False,ZERO,NORMAL,LOW,ZERO,HIGH,HIGH,NORMAL,NORMAL,LOW,HIGH,False,HIGH,False
LOW,NORMAL,LOW,False,False,False,True,False,NORMAL,NORMAL,LOW,LOW,NORMAL,NORMAL,ZERO,LOW,LOW,NORMAL,False,ZERO,NORMAL,HIGH,ZERO,HIGH,NORMAL,NORMAL,NORMAL,LOW,LOW,False,HIGH,False
HIGH,NORMAL,LOW,False,False,False,False,False,NORMAL,NORMAL,LOW,LOW,NORMAL,HIGH,ZERO,HIGH,HIGH,NORMAL,False,ZERO,NORMAL,HIGH,ZERO,HIGH,HIGH,NORMAL,LOW,LOW,HIGH,False,HIGH,False
HIGH,NORMAL,LOW,False,False,False,True,False,NORMAL,NORMAL,LOW,LOW,NORMAL,HIGH,ZERO,HIGH,HIGH,NORMAL,False,ZERO,NORMAL,NORMAL,ZERO,HIGH,HIGH,NORMAL,NORMAL,LOW,NORMAL,False,HIGH,False
HIGH,NORMAL,ZERO,False,False,True,False,False,NORMAL,NORMAL,LOW,LOW,NORMAL,HIGH,ZERO,NORMAL,NORMAL,NORMAL,False,ZERO,HIGH,NORMAL,ZERO,HIGH,HIGH,NORMAL,NORMAL,LOW,HIGH,False,HIGH,True
HIGH,NORMAL,LOW,False,False,False,False,False,NORMAL,NORMAL,LOW,LOW,NORMAL,HIGH,HIGH,HIGH,HIGH,NORMAL,False,ZERO,NORMAL,NORMAL,ZERO,HIGH,HIGH,NORMAL,NORMAL,LOW,LOW,False,HIGH,False
HIGH,NORMAL,LOW,False,False,False,False,False,NORMAL,NORMAL,LOW,LOW,NORMAL,HIGH,ZERO,NORMAL,HIGH,NORMAL,False,ZERO,NORMAL,NORMAL,ZERO,HIGH,HIGH,NORMAL,NORMAL,LOW,NORMAL,False,HIGH,False
HIGH,NORMAL,LOW,False,False,False,False,False,NORMAL,NORMAL,LOW,LOW,NORMAL,HIGH,ZERO,HIGH,HIGH,NORMAL,False,ZERO,NORMAL,LOW,ZERO,HIGH,HIGH,NORMAL,LOW,LOW,NORMAL,False,HIGH,False
HIGH,NORMAL,LOW,False,False,True,False,False,NORMAL,NORMAL,LOW,LOW,HIGH,HIGH,ZERO,NORMAL,NORMAL,NORMAL,False,ZERO,NORMAL,HIGH,ZERO,HIGH,HIGH,LOW,NORMAL,LOW,LOW,False,HIGH,False
HIGH,NORMAL,LOW,False,True,False,False,False,NORMAL,NORMAL,ZERO,LOW,HIGH,HIGH,LOW,HIGH,HIGH,NORMAL,False,NORMAL,NORMAL,LOW,NORMAL,HIGH,HIGH,NORMAL,NORMAL,LOW,LOW,False,HIGH,False
HIGH,NORMAL,LOW,False,False,False,False,False,NORMAL,NORMAL,LOW,LOW,NORMAL,HIGH,ZERO,HIGH,HIGH,NORMAL,False,ZERO,NORMAL,LOW,ZERO,HIGH,HIGH,NORMAL,NORMAL,LOW,HIGH,False,HIGH,False
LOW,NORMAL,LOW,False,False,False,True,False,NORMAL,NORMAL,LOW,LOW,NORMAL,NORMAL,ZERO,LOW,LOW,NORMAL,False,ZERO,NORMAL,NORMAL,ZERO,HIGH,NORMAL,NORMAL,NORMAL,LOW,NORMAL,False,HIGH,False
NORMAL,NORMAL,LOW,False,False,False,False,False,NORMAL,NORMAL,LOW,LOW,NORMAL,HIGH,ZERO,HIGH,HIGH,NORMAL,False,ZERO,NORMAL,HIGH,ZERO,HIGH,HIGH,NORMAL,NORMAL,LOW,NORMAL,False,HIGH,False
HIGH,NORMAL,LOW,False,False,False,False,False,NORMAL,NORMAL,LOW,LOW,HIGH,HIGH,ZERO,HIGH,HIGH,NORMAL,False,ZERO,NORMAL,NORMAL,ZERO,HIGH,HIGH,NORMAL,NORMAL,LOW,HIGH,False,HIGH,False
HIGH,NORMAL,ZERO,False,False,False,False,False,HIGH,NORMAL,LOW,HIGH,NORMAL,HIGH,HIGH,HIGH,HIGH,NORMAL,False,HIGH,NORMAL,LOW,LOW,LOW,HIGH,NORMAL,NORMAL,HIGH,HIGH,True,HIGH,True
HIGH,NORMAL,LOW,False,False,False,False,False,NORMAL,NORMAL,LOW,LOW,NORMAL,HIGH,ZERO,HIGH,HIGH,NORMAL,False,ZERO,NORMAL,NORMAL,ZERO,HIGH,HIGH,NORMAL,NORMAL,LOW,HIGH,False,HIGH,False
HIGH,NORMAL,ZERO,False,False,False,True,False,NORMAL,NORMAL,LOW,HIGH,NORMAL,HIGH,HIGH,HIGH,HIGH,NORMAL,False,HIGH,NORMAL,HIGH,LOW,LOW,HIGH,NORMAL,NORMAL,HIGH,HIGH,False,NORMAL,True
HIGH,NORMAL,LOW,False,False,False,False,False,HIGH,NORMAL,LOW,LOW,NORMAL,HIGH,ZERO,HIGH,HIGH,NORMAL,False,ZERO,NORMAL,HIGH,ZERO,HIGH,HIGH,NORMAL,HIGH,LOW,LOW,False,HIGH,False
HIGH,NORMAL,LOW,False,False,False,False,False,NORMAL,NORMAL,LOW,LOW,NORMAL,HIGH,ZERO,NORMAL,HIGH,NORMAL,False,ZERO,NORMAL,HIGH,ZERO,HIGH,HIGH,NORMAL,NORMAL,LOW,HIGH,False,HIGH,False
HIGH,NORMAL,ZERO,False,False,False,False,False,NORMAL,NORMAL,LOW,HIGH,HIGH,HIGH,HIGH,HIGH,HIGH,NORMAL,False,HIGH,NORMAL,NORMAL,LOW,LOW,HIGH,NORMAL,NORMAL,HIGH,HIGH,False,HIGH,True
LOW,NORMAL,LOW,False,False,False,False,False,NORMAL,NORMAL,LOW,LOW,NORMAL,LOW,ZERO,LOW,LOW,NORMAL,True,ZERO,NORMAL,HIGH,ZERO,HIGH,NORMAL,LOW,NORMAL,NORMAL,HIGH,False,NORMAL,False
LOW,NORMAL,LOW,False,False,False,False,False,NORMAL,NORMAL,ZERO,HIGH,NORMAL,NORMAL,ZERO,LOW,LOW,NORMAL,False,HIGH,NORMAL,LOW,ZERO,LOW,NORMAL,NORMAL,NORMAL,HIGH,NORMAL,False,HIGH,False
HIGH,NORMAL,LOW,False,False,False,True,False,NORMAL,NORMAL,LOW,LOW,NORMAL,LOW,ZERO,HIGH,HIGH,NORMAL,False,ZERO,NORMAL,LOW,ZERO,HIGH,HIGH,NORMAL,NORMAL,LOW,LOW,False,HIGH,False
HIGH,NORMAL,LOW,False,False,True,False,False,NORMAL,NORMAL,LOW,LOW,NORMAL,HIGH,ZERO,NORMAL,NORMAL,NORMAL,False,LOW,NORMAL,NORMAL,ZERO,HIGH,HIGH,LOW,NORMAL,LOW,NORMAL,False,HIGH,False
HIGH,NORMAL,LOW,False,False,False,False,False,NORMAL,NORMAL,LOW,LOW,NORMAL,HIGH,ZERO,HIGH,HIGH,NORMAL,False,ZERO,NORMAL,NORMAL,ZERO,HIGH,HIGH,NORMAL,NORMAL,LOW,HIGH,False,HIGH,False
HIGH,NORMAL,LOW,False,False,False,False,False,NORMAL,NORMAL,LOW,LOW,NORMAL,HIGH,ZERO,HIGH,HIGH,NORMAL,False,ZERO,NORMAL,NORMAL,ZERO,HIGH,HIGH,LOW,NORMAL,LOW,LOW,False,HIGH,False
HIGH,NORMAL,LOW,False,False,False,False,False,NORMAL,NORMAL,LOW,LOW,NORMAL,HIGH,ZERO,HIGH,HIGH,NORMAL,False,ZERO,NORMAL,HIGH,ZERO,HIGH,HIGH,NORMAL,NORMAL,LOW,LOW,False,HIGH,False
LOW,NORMAL,LOW,False,False,False,False,False,LOW,NORMAL,LOW,LOW,NORMAL,NORMAL,ZERO,LOW,LOW,LOW,False,ZERO,NORMAL,NORMAL,ZERO,HIGH,NORMAL,NORMAL,LOW,LOW,HIGH,False,HIGH,False
LOW,NORMAL,LOW,False,False,False,False,False,HIGH,NORMAL,LOW,HIGH,NORMAL,LOW,HIGH,LOW,LOW,HIGH,False,HIGH,NORMAL,HIGH,LOW,LOW,NORMAL,NORMAL,HIGH,HIGH,HIGH,True,NORMAL,False
HIGH,NORMAL,LOW,False,False,False,False,False,NORMAL,NORMAL,LOW,LOW,NORMAL,NORMAL,ZERO,HIGH,HIGH,NORMAL,False,ZERO,NORMAL,HIGH,ZERO,HIGH,HIGH,LOW,NORMAL,LOW,NORMAL,False,HIGH,False
HIGH,NORMAL,LOW,False,False,False,False,False,NORMAL,NORMAL,LOW,LOW,NORMAL,HIGH,ZERO,HIGH,HIGH,NORMAL,False,ZERO,NORMAL,HIGH,ZERO,HIGH,HIGH,NORMAL,NORMAL,LOW,LOW,False,HIGH,False
HIGH,NORMAL,LOW,False,False,False,False,False,HIGH,NORMAL,LOW,LOW,NORMAL,NORMAL,ZERO,HIGH,HIGH,HIGH,False,ZERO,NORMAL,LOW,ZERO,HIGH,HIGH,NORMAL,HIGH,LOW,HIGH,True,HIGH,False
HIGH,NORMAL,NORMAL,False,False,False,False,False,NORMAL,NORMAL,HIGH,LOW,NORMAL,HIGH,LOW,HIGH,HIGH,NORMAL,False,LOW,NORMAL,LOW,HIGH,HIGH,HIGH,NORMAL,HIGH,LOW,HIGH,False,HIGH,False
LOW,NORMAL,LOW,False,False,False,False,False,NORMAL,NORMAL,LOW,LOW,NORMAL,NORMAL,ZERO,LOW,LOW,NORMAL,False,ZERO,NORMAL,LOW,ZERO,HIGH,NORMAL,NORMAL,NORMAL,LOW,HIGH,False,HIGH,False
HIGH,NORMAL,LOW,False,False,False,False,False,NORMAL,NORMAL,LOW,LOW,NORMAL,LOW,ZERO,HIGH,HIGH,NORMAL,False,ZERO,NORMAL,NORMAL,ZERO,HIGH,HIGH,NORMAL,NORMAL,LOW,HIGH,False,HIGH,False
HIGH,NORMAL,LOW,False,False,False,True,False,NORMAL,NORMAL,LOW,LOW,NORMAL,HIGH,ZERO,HIGH,HIGH,NORMAL,False,ZERO,NORMAL,NORMAL,ZERO,HIGH,HIGH,NORMAL,NORMAL,LOW,HIGH,False,HIGH,False
LOW,NORMAL,LOW,False,False,False,False,True,LOW,NORMAL,LOW,HIGH,NORMAL,LOW,HIGH,LOW,LOW,LOW,False,HIGH,NORMAL,LOW,LOW,LOW,NORMAL,NORMAL,LOW,HIGH,HIGH,True,NORMAL,False
HIGH,NORMAL,LOW,False,False,False,False,False,NORMAL,ONESIDED,NORMAL,LOW,HIGH,HIGH,LOW,HIGH,HIGH,NORMAL,False,LOW,HIGH,NORMAL,LOW,HIGH,HIGH,NORMAL,NORMAL,LOW,HIGH,False,HIGH,False
HIGH,NORMAL,LOW,False,False,False,False,False,HIGH,NORMAL,LOW,LOW,LOW,HIGH,ZERO,HIGH,HIGH,HIGH,False,ZERO,NORMAL,LOW,ZERO,HIGH,HIGH,NORMAL,HIGH,LOW,HIGH,True,HIGH,False
HIGH,NORMAL,LOW,False,False,False,False,False,NORMAL,NORMAL,LOW,LOW,NORMAL,HIGH,ZERO,HIGH,HIGH,NORMAL,False,ZERO,NORMAL,NORMAL,ZERO,HIGH,HIGH,NORMAL,NORMAL,LOW,NORMAL,False,HIGH,False
HIGH,NORMAL,LOW,False,False,False,False,False,NORMAL,NORMAL,LOW,LOW,NORMAL,HIGH,ZERO,HIGH,HIGH,NORMAL,False,ZERO,NORMAL,NORMAL,ZERO,HIGH,HIGH,NORMAL,NORMAL,LOW,NORMAL,False,HIGH,False
HIGH,NORMAL,LOW,False,False,False,False,False,HIGH,NORMAL,LOW,LOW,NORMAL,HIGH,ZERO,HIGH,HIGH,HIGH,False,ZERO,NORMAL,NORMAL,ZERO,HIGH,HIGH,NORMAL,NORMAL,LOW,HIGH,False,HIGH,False
HIGH,NORMAL,LOW,False,False,False,False,False,NORMAL,NORMAL,NORMAL,LOW,NORMAL,HIGH,ZERO,HIGH,HIGH,NORMAL,False,ZERO,NORMAL,LOW,ZERO,HIGH,HIGH,NORMAL,NORMAL,LOW,LOW,False,HIGH,False
HIGH,NORMAL,ZERO,False,False,False,False,False,NORMAL,NORMAL,ZERO,HIGH,HIGH,HIGH,HIGH,HIGH,HIGH,NORMAL,False,HIGH,NORMAL,HIGH,LOW,LOW,HIGH,NORMAL,NORMAL,HIGH,ZERO,False,HIGH,True
HIGH,NORMAL,ZERO,False,False,False,True,False,LOW,NORMAL,LOW,HIGH,NORMAL,HIGH,HIGH,HIGH,HIGH,LOW,False,HIGH,NORMAL,LOW,LOW,LOW,HIGH,NORMAL,LOW,HIGH,HIGH,False,HIGH,True
HIGH,NORMAL,LOW,False,False,False,False,False,NORMAL,NORMAL,LOW,LOW,LOW,HIGH,ZERO,HIGH,HIGH,NORMAL,True,ZERO,NORMAL,LOW,ZERO,HIGH,HIGH,NORMAL,NORMAL,LOW,HIGH,False,HIGH,False
NORMAL,NORMAL,LOW,False,False,False,False,False,NORMAL,NORMAL,LOW,LOW,NORMAL,HIGH,ZERO,HIGH,HIGH,NORMAL,False,ZERO,NORMAL,LOW,ZERO,HIGH,HIGH,NORMAL,NORMAL,LOW,LOW,False,HIGH,False
LOW,NORMAL,HIGH,False,False,False,False,False,NORMAL,NORMAL,NORMAL,HIGH,NORMAL,NORMAL,HIGH,LOW,LOW,NORMAL,False,HIGH,NORMAL,HIGH,LOW,HIGH,NORMAL,NORMAL,NORMAL,HIGH,LOW,False,NORMAL,False
HIGH,NORMAL,LOW,False,True,False,False,False,NORMAL,NORMAL,LOW,LOW,HIGH,HIGH,ZERO,HIGH,HIGH,NORMAL,False,LOW,HIGH,LOW,ZERO,HIGH,HIGH,NORMAL,NORMAL,LOW,NORMAL,False,HIGH,False
HIGH,NORMAL,LOW,False,False,False,False,False,NORMAL,NORMAL,LOW,LOW,NORMAL,HIGH,ZERO,HIGH,HIGH,NORMAL,False,ZERO,NORMAL,NORMAL,ZERO,HIGH,HIGH,NORMAL,NORMAL,LOW,LOW,False,HIGH,False
LOW,NORMAL,ZERO,False,False,False,False,False,NORMAL,NORMAL,LOW,HIGH,NORMAL,NORMAL,HIGH,LOW,LOW,NORMAL,False,HIGH,NORMAL,HIGH,LOW,LOW,NORMAL,NORMAL,NORMAL,HIGH,HIGH,False,NORMAL,True
HIGH,NORMAL,LOW,False,False,True,False,False,HIGH,NORMAL,ZERO,LOW,NORMAL,HIGH,ZERO,NORMAL,NORMAL,HIGH,False,ZERO,NORMAL,NORMAL,ZERO,LOW,HIGH,NORMAL,HIGH,LOW,LOW,True,HIGH,False
HIGH,NORMAL,LOW,False,False,False,False,False,NORMAL,NORMAL,LOW,LOW,NORMAL,HIGH,ZERO,HIGH,HIGH,NORMAL,False,ZERO,NORMAL,NORMAL,ZERO,HIGH,HIGH,NORMAL,NORMAL,LOW,HIGH,False,HIGH,False
HIGH,NORMAL,LOW,False,False,False,False,False,NORMAL,NORMAL,LOW,LOW,NORMAL,HIGH,ZERO,HIGH,HIGH,NORMAL,False,ZERO,NORMAL,NORMAL,ZERO,HIGH,HIGH,NORMAL,NORMAL,LOW,HIGH,False,HIGH,False
HIGH,NORMAL,LOW,False,False,False,False,False,HIGH,NORMAL,LOW,LOW,NORMAL,LOW,ZERO,HIGH,HIGH,HIGH,False,ZERO,NORMAL,NORMAL,ZERO,HIGH,HIGH,NORMAL,NORMAL,LOW,HIGH,True,HIGH,False
HIGH,NORMAL,LOW,False,False,False,False,False,NORMAL,NORMAL,ZERO,LOW,NORMAL,HIGH,ZERO,HIGH,HIGH,NORMAL,False,ZERO,NORMAL,LOW,ZERO,LOW,HIGH,NORMAL,NORMAL,LOW,HIGH,False,HIGH,False
LOW,NORMAL,LOW,False,False,False,False,False,NORMAL,NORMAL,ZERO,LOW,NORMAL,NORMAL,LOW,LOW,LOW,NORMAL,False,LOW,NORMAL,HIGH,HIGH,HIGH,NORMAL,NORMAL,NORMAL,LOW,LOW,False,NORMAL,False
HIGH,NORMAL,LOW,False,False,True,False,False,NORMAL,NORMAL,LOW,LOW,NORMAL,HIGH,ZERO,NORMAL,NORMAL,NORMAL,False,ZERO,NORMAL,NORMAL,ZERO,HIGH,HIGH,NORMAL,NORMAL,LOW,HIGH,False,HIGH,False
HIGH,NORMAL,LOW,False,False,False,False,False,NORMAL,NORMAL,LOW,LOW,LOW,HIGH,ZERO,HIGH,HIGH,NORMAL,False,ZERO,HIGH,LOW,ZERO,HIGH,HIGH,NORMAL,NORMAL,LOW,NORMAL,False,HIGH,False
HIGH,NORMAL,LOW,False,False,False,False,False,HIGH,NORMAL,LOW,LOW,NORMAL,HIGH,ZERO,HIGH,HIGH,HIGH,False,ZERO,NORMAL,LOW,ZERO,HIGH,HIGH,NORMAL,HIGH,LOW,LOW,True,HIGH,False
HIGH,NORMAL,LOW,False,False,False,False,False,NORMAL,NORMAL,LOW,LOW,NORMAL,HIGH,ZERO,HIGH,HIGH,NORMAL,False,LOW,NORMAL,HIGH,ZERO,HIGH,HIGH,NORMAL,NORMAL,LOW,HIGH,False,HIGH,False
LOW,NORMAL,LOW,False,False,False,False,False,HIGH,NORMAL,LOW,LOW,NORMAL,NORMAL,ZERO,LOW,LOW,HIGH,False,ZERO,NORMAL,NORMAL,ZERO,HIGH,NORMAL,NORMAL,HIGH,LOW,NORMAL,False,HIGH,False
LOW,NORMAL,HIGH,False,False,False,False,False,NORMAL,NORMAL,LOW,HIGH,NORMAL,NORMAL,HIGH,LOW,LOW,NORMAL,False,HIGH,NORMAL,HIGH,LOW,LOW,NORMAL,NORMAL,NORMAL,HIGH,LOW,False,NORMAL,False
HIGH,NORMAL,LOW,False,False,False,False,False,HIGH,NORMAL,LOW,LOW,NORMAL,HIGH,ZERO,HIGH,HIGH,HIGH,False,ZERO,NORMAL,NORMAL,ZERO,HIGH,HIGH,NORMAL,NORMAL,LOW,HIGH,True,HIGH,False
HIGH,NORMAL,LOW,False,False,False,False,False,NORMAL,NORMAL,LOW,LOW,HIGH,HIGH,ZERO,HIGH,HIGH,NORMAL,False,ZERO,NORMAL,HIGH,ZERO,HIGH,HIGH,NORMAL,NORMAL,LOW,LOW,False,HIGH,False
LOW,NORMAL,ZERO,False,False,False,False,False,NORMAL,NORMAL,LOW,HIGH,NORMAL,LOW,HIGH,LOW,LOW,NORMAL,False,HIGH,NORMAL,HIGH,LOW,LOW,NORMAL,NORMAL,NORMAL,HIGH,HIGH,False,NORMAL,True
HIGH,NORMAL,LOW,False,False,True,False,False,NORMAL,NORMAL,LOW,LOW,NORMAL,HIGH,ZERO,NORMAL,NORMAL,NORMAL,False,ZERO,NORMAL,NORMAL,ZERO,HIGH,HIGH,NORMAL,NORMAL,LOW,LOW,False,HIGH,False
HIGH,NORMAL,LOW,False,False,False,False,False,NORMAL,NORMAL,ZERO,HIGH,NORMAL,HIGH,ZERO,HIGH,HIGH,NORMAL,False,HIGH,NORMAL,LOW,ZERO,LOW,HIGH,NORMAL,NORMAL,HIGH,NORMAL,False,HIGH,False
HIGH,NORMAL,LOW,False,False,False,False,False,NORMAL,NORMAL,LOW,LOW,NORMAL,HIGH,ZERO,HIGH,HIGH,NORMAL,False,ZERO,NORMAL,LOW,ZERO,HIGH,HIGH,NORMAL,NORMAL,LOW,HIGH,False,HIGH,False
LOW,NORMAL,LOW,False,False,True,False,False,HIGH,NORMAL,LOW,NORMAL,NORMAL,LOW,HIGH,HIGH,NORMAL,HIGH,False,HIGH,NORMAL,HIGH,LOW,LOW,NORMAL,LOW,HIGH,NORMAL,LOW,True,NORMAL,False
LOW,NORMAL,LOW,True,False,False,False,False,LOW,NORMAL,LOW,LOW,NORMAL,NORMAL,ZERO,LOW,LOW,LOW,False,ZERO,NORMAL,LOW,ZERO,HIGH,NORMAL,NORMAL,LOW,LOW,HIGH,False,HIGH,False
HIGH,NORMAL,LOW,False,False,False,False,False,HIGH,NORMAL,LOW,LOW,NORMAL,NORMAL,ZERO,HIGH,HIGH,HIGH,False,ZERO,NORMAL,LOW,ZERO,HIGH,HIGH,NORMAL,HIGH,LOW,NORMAL,True,HIGH,False
HIGH,NORMAL,LOW,False,False,False,False,False,NORMAL,NORMAL,LOW,LOW,HIGH,HIGH,ZERO,HIGH,HIGH,NORMAL,False,ZERO,NORMAL,HIGH,ZERO,HIGH,HIGH,NORMAL,NORMAL,LOW,NORMAL,False,HIGH,False
HIGH,NORMAL,LOW,False,False,False,False,False,NORMAL,NORMAL,LOW,LOW,LOW,HIGH,ZERO,HIGH,HIGH,NORMAL,False,ZERO,NORMAL,LOW,ZERO,HIGH,HIGH,NORMAL,NORMAL,LOW,LOW,False,HIGH,False
HIGH,NORMAL,LOW,False,False,False,False,False,NORMAL,NORMAL,LOW,LOW,NORMAL,HIGH,ZERO,HIGH,HIGH,NORMAL,False,ZERO,NORMAL,NORMAL,ZERO,HIGH,HIGH,NORMAL,NORMAL,LOW,LOW,False,HIGH,False
HIGH,NORMAL,LOW,False,False,False,False,True,LOW,NORMAL,LOW,LOW,NORMAL,NORMAL,ZERO,HIGH,HIGH,LOW,False,ZERO,NORMAL,NORMAL,ZERO,HIGH,HIGH,NORMAL,LOW,LOW,HIGH,False,HIGH,False
HIGH,NORMAL,LOW,False,False,False,True,False,NORMAL,NORMAL,LOW,LOW,NORMAL,HIGH,ZERO,HIGH,HIGH,NORMAL,False,ZERO,NORMAL,NORMAL,ZERO,HIGH,HIGH,NORMAL,NORMAL,LOW,HIGH,False,HIGH,False
HIGH,NORMAL,ZERO,False,False,True,False,False,NORMAL,NORMAL,NORMAL,LOW,LOW,HIGH,HIGH,NORMAL,NORMAL,NORMAL,False,ZERO,NORMAL,LOW,LOW,HIGH,HIGH,NORMAL,NORMAL,LOW,HIGH,False,HIGH,True
HIGH,NORMAL,LOW,False,False,False,True,False,NORMAL,ONESIDED,NORMAL,LOW,NORMAL,HIGH,ZERO,HIGH,HIGH,NORMAL,False,LOW,HIGH,NORMAL,LOW,HIGH,HIGH,NORMAL,NORMAL,LOW,HIGH,False,HIGH,False
HIGH,NORMAL,LOW,False,False,False,True,False,NORMAL,NORMAL,ZERO,LOW,NORMAL,HIGH,ZERO,HIGH,HIGH,NORMAL,False,ZERO,NORMAL,NORMAL,ZERO,HIGH,HIGH,NORMAL,NORMAL,LOW,HIGH,False,HIGH,False
LOW,NORMAL,NORMAL,False,False,False,False,False,NORMAL,NORMAL,HIGH,LOW,NORMAL,NORMAL,LOW,LOW,LOW,NORMAL,False,LOW,NORMAL,HIGH,HIGH,HIGH,NORMAL,NORMAL,NORMAL,NORMAL,HIGH,False,HIGH,False
HIGH,NORMAL,LOW,False,False,False,False,False,NORMAL,NORMAL,LOW,LOW,NORMAL,HIGH,ZERO,HIGH,HIGH,NORMAL,False,ZERO,NORMAL,HIGH,ZERO,HIGH,HIGH,NORMAL,NORMAL,LOW,LOW,False,HIGH,False
HIGH,NORMAL,LOW,False,False,False,False,False,NORMAL,NORMAL,LOW,LOW,NORMAL,HIGH,ZERO,HIGH,HIGH,NORMAL,False,ZERO,NORMAL,LOW,ZERO,HIGH,HIGH,NORMAL,NORMAL,LOW,HIGH,False,HIGH,False
HIGH,NORMAL,LOW,False,False,False,False,False,NORMAL,NORMAL,ZERO,HIGH,NORMAL,HIGH,ZERO,HIGH,HIGH,NORMAL,False,HIGH,NORMAL,LOW,ZERO,LOW,HIGH,NORMAL,NORMAL,HIGH,LOW,False,HIGH,False
HIGH,NORMAL,LOW,False,False,False,False,False,NORMAL,NORMAL,LOW,LOW,NORMAL,NORMAL,ZERO,HIGH,HIGH,LOW,False,ZERO,NORMAL,LOW,ZERO,HIGH,HIGH,NORMAL,NORMAL,LOW,NORMAL,False,HIGH,False
HIGH,NORMAL,LOW,False,False,False,False,False,NORMAL,NORMAL,LOW,LOW,NORMAL,HIGH,ZERO,HIGH,HIGH,NORMAL,False,ZERO,NORMAL,LOW,ZERO,HIGH,HIGH,NORMAL,NORMAL,LOW,LOW,False,HIGH,False
HIGH,NORMAL,LOW,False,False,False,False,False,HIGH,NORMAL,LOW,LOW,NORMAL,HIGH,ZERO,HIGH,HIGH,HIGH,False,ZERO,NORMAL,NORMAL,ZERO,HIGH,HIGH,NORMAL,HIGH,LOW,HIGH,True,HIGH,False
HIGH,NORMAL,LOW,False,False,False,False,False,NORMAL,NORMAL,LOW,LOW,NORMAL,HIGH,ZERO,HIGH,HIGH,NORMAL,False,ZERO,NORMAL,NORMAL,ZERO,HIGH,HIGH,LOW,HIGH,LOW,HIGH,False,HIGH,False
HIGH,NORMAL,LOW,False,False,False,False,False,NORMAL,NORMAL,LOW,LOW,NORMAL,HIGH,ZERO,HIGH,HIGH,NORMAL,False,ZERO,NORMAL,NORMAL,ZERO,HIGH,HIGH,NORMAL,NORMAL,LOW,NORMAL,False,HIGH,False
HIGH,NORMAL,LOW,False,False,True,False,False,NORMAL,NORMAL,LOW,LOW,NORMAL,HIGH,ZERO,NORMAL,NORMAL,NORMAL,False,ZERO,NORMAL,HIGH,ZERO,HIGH,HIGH,NORMAL,NORMAL,LOW,NORMAL,False,HIGH,False
HIGH,NORMAL,LOW,False,False,False,False,False,NORMAL,NORMAL,ZERO,LOW,NORMAL,HIGH,ZERO,HIGH,HIGH,HIGH,False,ZERO,NORMAL,HIGH,ZERO,HIGH,HIGH,NORMAL,NORMAL,LOW,NORMAL,False,HIGH,False
HIGH,NORMAL,LOW,False,False,False,False,False,HIGH,NORMAL,LOW,LOW,LOW,HIGH,ZERO,HIGH,HIGH,HIGH,False,ZERO,NORMAL,NORMAL,ZERO,HIGH,HIGH,NORMAL,HIGH,LOW,LOW,True,HIGH,False
HIGH,NORMAL,LOW,False,False,False,False,False,NORMAL,NORMAL,LOW,LOW,HIGH,HIGH,ZERO,HIGH,HIGH,NORMAL,False,ZERO,NORMAL,LOW,ZERO,HIGH,HIGH,NORMAL,NORMAL,LOW,LOW,False,HIGH,False
LOW,NORMAL,LOW,False,False,False,False,False,NORMAL,NORMAL,LOW,LOW,NORMAL,NORMAL,ZERO,LOW,LOW,NORMAL,False,ZERO,NORMAL,NORMAL,ZERO,HIGH,NORMAL,NORMAL,NORMAL,LOW,HIGH,False,HIGH,False
HIGH,NORMAL,LOW,False,False,False,False,False,NORMAL,NORMAL,LOW,LOW,NORMAL,HIGH,ZERO,HIGH,HIGH,NORMAL,False,ZERO,NORMAL,HIGH,ZERO,HIGH,HIGH,NORMAL,NORMAL,LOW,NORMAL,False,HIGH,False
HIGH,NORMAL,LOW,False,False,False,False,False,HIGH,NORMAL,LOW,LOW,NORMAL,HIGH,ZERO,HIGH,HIGH,HIGH,False,ZERO,NORMAL,HIGH,ZERO,HIGH,HIGH,NORMAL,NORMAL,LOW,HIGH,False,HIGH,False
NORMAL,NORMAL,ZERO,False,False,False,False,False,LOW,NORMAL,NORMAL,HIGH,NORMAL,LOW,HIGH,HIGH,LOW,LOW,False,HIGH,NORMAL,NORMAL,LOW,LOW,LOW,NORMAL,NORMAL,HIGH,HIGH,False,NORMAL,True
HIGH,NORMAL,LOW,False,False,False,True,False,HIGH,NORMAL,LOW,LOW,NORMAL,HIGH,ZERO,HIGH,HIGH,HIGH,False,ZERO,NORMAL,HIGH,ZERO,HIGH,HIGH,NORMAL,HIGH,LOW,NORMAL,True,HIGH,False
HIGH,NORMAL,LOW,False,False,False,False,False,HIGH,NORMAL,LOW,LOW,NORMAL,HIGH,ZERO,HIGH,HIGH,HIGH,False,ZERO,NORMAL,NORMAL,ZERO,HIGH,HIGH,NORMAL,NORMAL,LOW,NORMAL,True,HIGH,False
HIGH,NORMAL,LOW,False,False,False,False,False,HIGH,NORMAL,LOW,LOW,NORMAL,HIGH,ZERO,HIGH,HIGH,HIGH,False,ZERO,NORMAL,LOW,ZERO,HIGH,HIGH,NORMAL,HIGH,LOW,LOW,True,HIGH,False
HIGH,NORMAL,LOW,False,False,False,False,False,LOW,NORMAL,LOW,LOW,NORMAL,HIGH,ZERO,HIGH,HIGH,LOW,False,ZERO,NORMAL,HIGH,ZERO,HIGH,HIGH,NORMAL,LOW,LOW,LOW,False,HIGH,False
HIGH,NORMAL,LOW,False,False,False,False,False,HIGH,NORMAL,LOW,LOW,NORMAL,LOW,ZERO,HIGH,HIGH,HIGH,False,ZERO,NORMAL,HIGH,ZERO,HIGH,HIGH,NORMAL,HIGH,LOW,LOW,True,HIGH,False
LOW,NORMAL,ZERO,False,False,False,False,False,NORMAL,NORMAL,LOW,HIGH,NORMAL,NORMAL,HIGH,LOW,LOW,NORMAL,False,HIGH,NORMAL,HIGH,LOW,LOW,NORMAL,NORMAL,NORMAL,HIGH,HIGH,False,NORMAL,True
LOW,NORMAL,LOW,False,False,False,False,True,NORMAL,NORMAL,LOW,HIGH,NORMAL,LOW,ZERO,LOW,LOW,NORMAL,False,HIGH,NORMAL,HIGH,ZERO,NORMAL,NORMAL,NORMAL,NORMAL,HIGH,NORMAL,True,NORMAL,False
HIGH,NORMAL,LOW,True,False,False,False,False,HIGH,NORMAL,LOW,LOW,NORMAL,HIGH,ZERO,HIGH,HIGH,HIGH,False,ZERO,NORMAL,LOW,ZERO,HIGH,HIGH,NORMAL,HIGH,LOW,HIGH,False,HIGH,False
HIGH,NORMAL,LOW,False,False,False,False,False,NORMAL,NORMAL,LOW,LOW,NORMAL,HIGH,ZERO,HIGH,HIGH,NORMAL,False,ZERO,NORMAL,LOW,ZERO,HIGH,HIGH,NORMAL,NORMAL,LOW,NORMAL,False,HIGH,False
HIGH,NORMAL,LOW,False,False,False,False,False,NORMAL,NORMAL,LOW,LOW,NORMAL,HIGH,ZERO,HIGH,HIGH,NORMAL,False,ZERO,NORMAL,HIGH,ZERO,HIGH,HIGH,NORMAL,NORMAL,LOW,LOW,False,HIGH,False
HIGH,NORMAL,LOW,False,False,False,False,False,NORMAL,NORMAL,LOW,LOW,NORMAL,HIGH,ZERO,HIGH,HIGH,NORMAL,False,ZERO,NORMAL,NORMAL,ZERO,HIGH,HIGH,NORMAL,NORMAL,LOW,HIGH,False,HIGH,False
HIGH,NORMAL,LOW,False,False,False,False,False,NORMAL,NORMAL,LOW,LOW,NORMAL,HIGH,ZERO,HIGH,HIGH,NORMAL,False,ZERO,NORMAL,NORMAL,ZERO,HIGH,HIGH,LOW,NORMAL,LOW,HIGH,False,HIGH,False
LOW,NORMAL,ZERO,False,False,True,False,False,NORMAL,NORMAL,LOW,LOW,NORMAL,HIGH,ZERO,NORMAL,NORMAL,NORMAL,False,ZERO,NORMAL,LOW,ZERO,HIGH,HIGH,NORMAL,NORMAL,LOW,HIGH,False,HIGH,True
HIGH,NORMAL,LOW,False,False,False,False,False,HIGH,NORMAL,LOW,LOW,NORMAL,LOW,ZERO,HIGH,HIGH,HIGH,False,ZERO,NORMAL,HIGH,ZERO,HIGH,HIGH,NORMAL,NORMAL,LOW,LOW,True,HIGH,False
HIGH,NORMAL,HIGH,False,False,False,False,False,NORMAL,NORMAL,HIGH,LOW,NORMAL,HIGH,LOW,HIGH,HIGH,NORMAL,False,LOW,NORMAL,NORMAL,HIGH,HIGH,HIGH,NORMAL,NORMAL,LOW,LOW,False,HIGH,False
LOW,NORMAL,LOW,False,False,False,False,False,NORMAL,NORMAL,LOW,LOW,NORMAL,NORMAL,ZERO,LOW,LOW,NORMAL,False,ZERO,NORMAL,NORMAL,ZERO,HIGH,NORMAL,NORMAL,NORMAL,LOW,HIGH,False,HIGH,False
HIGH,NORMAL,LOW,False,False,False,False,False,NORMAL,ESOPHAGEAL,LOW,LOW,NORMAL,HIGH,LOW,HIGH,HIGH,NORMAL,False,LOW,NORMAL,NORMAL,ZERO,HIGH,HIGH,NORMAL,NORMAL,LOW,HIGH,False,HIGH,False
HIGH,NORMAL,LOW,False,False,False,False,False,NORMAL,NORMAL,LOW,LOW,NORMAL,LOW,ZERO,HIGH,HIGH,NORMAL,False,LOW,NORMAL,HIGH,ZERO,HIGH,HIGH,NORMAL,NORMAL,LOW,HIGH,False,HIGH,False
HIGH,NORMAL,LOW,False,False,False,False,False,HIGH,NORMAL,LOW,LOW,NORMAL,HIGH,ZERO,HIGH,HIGH,NORMAL,False,ZERO,NORMAL,LOW,ZERO,HIGH,HIGH,NORMAL,HIGH,LOW,HIGH,False,HIGH,False
HIGH,NORMAL,LOW,False,False,False,False,False,HIGH,NORMAL,LOW,LOW,NORMAL,LOW,ZERO,HIGH,HIGH,HIGH,False,ZERO,NORMAL,NORMAL,ZERO,HIGH,HIGH,NORMAL,HIGH,LOW,LOW,True,HIGH,False
HIGH,NORMAL,ZERO,False,False,False,True,False,NORMAL,NORMAL,HIGH,LOW,NORMAL,LOW,LOW,HIGH,HIGH,NORMAL,False,LOW,NORMAL,LOW,HIGH,HIGH,HIGH,NORMAL,NORMAL,LOW,HIGH,False,HIGH,True
HIGH,NORMAL,ZERO,False,False,False,False,False,NORMAL,ESOPHAGEAL,LOW,LOW,NORMAL,HIGH,LOW,HIGH,HIGH,NORMAL,False,LOW,NORMAL,LOW,ZERO,HIGH,HIGH,NORMAL,NORMAL,LOW,ZERO,False,HIGH,False
HIGH,NORMAL,LOW,False,False,False,False,False,LOW,NORMAL,LOW,LOW,NORMAL,HIGH,ZERO,HIGH,HIGH,LOW,False,ZERO,NORMAL,NORMAL,ZERO,HIGH,HIGH,NORMAL,LOW,LOW,HIGH,False,HIGH,False
NORMAL,NORMAL,LOW,False,False,False,False,True,LOW,NORMAL,LOW,LOW,NORMAL,LOW,ZERO,HIGH,HIGH,LOW,False,ZERO,NORMAL,HIGH,ZERO,HIGH,HIGH,NORMAL,LOW,LOW,LOW,False,HIGH,False
HIGH,NORMAL,LOW,False,False,False,False,False,NORMAL,NORMAL,LOW,LOW,NORMAL,HIGH,ZERO,HIGH,HIGH,NORMAL,False,ZERO,NORMAL,LOW,ZERO,HIGH,HIGH,LOW,NORMAL,LOW,HIGH,False,HIGH,False
HIGH,NORMAL,LOW,False,False,False,False,False,NORMAL,NORMAL,LOW,LOW,NORMAL,LOW,ZERO,HIGH,LOW,NORMAL,False,ZERO,NORMAL,HIGH,ZERO,HIGH,HIGH,NORMAL,NORMAL,LOW,HIGH,False,HIGH,False
HIGH,NORMAL,ZERO,False,False,False,False,False,NORMAL,NORMAL,LOW,HIGH,NORMAL,HIGH,HIGH,HIGH,HIGH,NORMAL,False,HIGH,NORMAL,NORMAL,LOW,LOW,HIGH,NORMAL,NORMAL,HIGH,HIGH,False,HIGH,True
HIGH,NORMAL,LOW,False,False,False,True,False,NORMAL,NORMAL,LOW,LOW,LOW,HIGH,ZERO,HIGH,HIGH,NORMAL,False,ZERO,NORMAL,LOW,ZERO,HIGH,HIGH,NORMAL,NORMAL,LOW,LOW,False,HIGH,False
HIGH,NORMAL,LOW,False,False,False,False,False,NORMAL,NORMAL,LOW,LOW,NORMAL,HIGH,ZERO,HIGH,HIGH,NORMAL,False,ZERO,NORMAL,LOW,ZERO,HIGH,HIGH,NORMAL,NORMAL,LOW,LOW,False,HIGH,False
HIGH,NORMAL,LOW,False,False,True,True,False,LOW,NORMAL,LOW,LOW,NORMAL,HIGH,ZERO,NORMAL,NORMAL,LOW,False,ZERO,NORMAL,LOW,ZERO,HIGH,HIGH,NORMAL,LOW,LOW,NORMAL,False,HIGH,False
HIGH,NORMAL,LOW,False,False,True,False,False,NORMAL,NORMAL,LOW,LOW,NORMAL,HIGH,ZERO,NORMAL,NORMAL,NORMAL,False,ZERO,NORMAL,HIGH,ZERO,HIGH,HIGH,NORMAL,NORMAL,LOW,NORMAL,False,HIGH,False
HIGH,NORMAL,LOW,False,False,False,False,False,NORMAL,NORMAL,LOW,HIGH,NORMAL,HIGH,HIGH,HIGH,HIGH,NORMAL,False,HIGH,HIGH,LOW,LOW,NORMAL,HIGH,NORMAL,LOW,LOW,LOW,False,HIGH,False
HIGH,NORMAL,LOW,False,False,True,False,False,NORMAL,ONESIDED,NORMAL,LOW,NORMAL,HIGH,LOW,NORMAL,NORMAL,NORMAL,False,LOW,HIGH,HIGH,LOW,HIGH,HIGH,LOW,NORMAL,LOW,HIGH,False,HIGH,False
HIGH,NORMAL,LOW,False,False,False,False,False,NORMAL,NORMAL,HIGH,LOW,NORMAL,HIGH,ZERO,HIGH,HIGH,NORMAL,True,ZERO,NORMAL,NORMAL,ZERO,HIGH,HIGH,NORMAL,NORMAL,LOW,HIGH,False,HIGH,False
NORMAL,NORMAL,LOW,False,False,False,True,False,HIGH,NORMAL,LOW,LOW,NORMAL,HIGH,ZERO,HIGH,HIGH,HIGH,False,ZERO,NORMAL,LOW,ZERO,HIGH,HIGH,NORMAL,HIGH,LOW,LOW,True,HIGH,False
HIGH,NORMAL,LOW,False,False,True,False,False,NORMAL,ONESIDED,LOW,LOW,NORMAL,HIGH,NORMAL,NORMAL,NORMAL,NORMAL,True,NORMAL,HIGH,LOW,ZERO,NORMAL,HIGH,NORMAL,NORMAL,LOW,ZERO,False,HIGH,False
LOW,NORMAL,LOW,False,False,False,False,False,NORMAL,NORMAL,LOW,LOW,NORMAL,NORMAL,ZERO,LOW,LOW,NORMAL,False,ZERO,NORMAL,HIGH,ZERO,HIGH,NORMAL,NORMAL,NORMAL,LOW,HIGH,False,HIGH,False
HIGH,NORMAL,LOW,False,False,False,False,False,NORMAL,NORMAL,LOW,LOW,LOW,HIGH,ZERO,HIGH,HIGH,NORMAL,False,ZERO,NORMAL,NORMAL,ZERO,HIGH,HIGH,NORMAL,NORMAL,LOW,LOW,False,HIGH,False
LOW,NORMAL,LOW,False,False,True,False,False,NORMAL,NORMAL,LOW,LOW,NORMAL,NORMAL,ZERO,HIGH,NORMAL,NORMAL,False,ZERO,NORMAL,HIGH,ZERO,HIGH,NORMAL,NORMAL,NORMAL,LOW,HIGH,False,NORMAL,False
HIGH,NORMAL,LOW,False,False,False,False,False,NORMAL,NORMAL,LOW,LOW,NORMAL,HIGH,ZERO,HIGH,HIGH,NORMAL,False,ZERO,NORMAL,HIGH,ZERO,HIGH,HIGH,NORMAL,HIGH,LOW,HIGH,False,HIGH,False
LOW,NORMAL,ZERO,False,False,False,False,False,NORMAL,NORMAL,LOW,HIGH,NORMAL,HIGH,HIGH,HIGH,HIGH,NORMAL,False,HIGH,NORMAL,LOW,LOW,LOW,HIGH,NORMAL,NORMAL,HIGH,NORMAL,False,HIGH,True
HIGH,NORMAL,LOW,False,False,False,False,False,NORMAL,NORMAL,LOW,LOW,NORMAL,HIGH,ZERO,HIGH,HIGH,NORMAL,False,ZERO,NORMAL,LOW,ZERO,HIGH,HIGH,NORMAL,NORMAL,LOW,LOW,False,HIGH,False
HIGH,NORMAL,LOW,False,False,False,False,False,HIGH,NORMAL,LOW,LOW,NORMAL,LOW,ZERO,HIGH,HIGH,HIGH,False,ZERO,NORMAL,HIGH,ZERO,HIGH,HIGH,NORMAL,NORMAL,LOW,HIGH,True,HIGH,False
LOW,NORMAL,ZERO,False,False,False,False,False,NORMAL,NORMAL,LOW,HIGH,NORMAL,NORMAL,HIGH,LOW,LOW,NORMAL,False,HIGH,NORMAL,HIGH,LOW,LOW,NORMAL,NORMAL,NORMAL,HIGH,HIGH,False,NORMAL,True
NORMAL,NORMAL,LOW,False,False,False,False,False,NORMAL,ONESIDED,NORMAL,LOW,NORMAL,HIGH,LOW,HIGH,HIGH,NORMAL,False,LOW,HIGH,HIGH,LOW,HIGH,HIGH,NORMAL,NORMAL,LOW,HIGH,False,HIGH,False
HIGH,NORMAL,LOW,False,False,False,False,False,NORMAL,NORMAL,LOW,LOW,NORMAL,HIGH,ZERO,HIGH,HIGH,NORMAL,False,ZERO,NORMAL,NORMAL,ZERO,HIGH,HIGH,NORMAL,NORMAL,LOW,HIGH,False,HIGH,False
HIGH,NORMAL,LOW,False,False,False,False,False,NORMAL,NORMAL,LOW,LOW,NORMAL,HIGH,ZERO,HIGH,HIGH,NORMAL,False,ZERO,NORMAL,NORMAL,ZERO,HIGH,HIGH,NORMAL,NORMAL,LOW,NORMAL,False,HIGH,False
HIGH,NORMAL,LOW,False,False,True,False,False,NORMAL,NORMAL,LOW,LOW,NORMAL,HIGH,ZERO,NORMAL,NORMAL,NORMAL,False,ZERO,HIGH,NORMAL,ZERO,HIGH,HIGH,NORMAL,NORMAL,LOW,HIGH,False,HIGH,False
HIGH,NORMAL,ZERO,False,False,False,True,False,NORMAL,NORMAL,LOW,HIGH,NORMAL,HIGH,HIGH,HIGH,HIGH,LOW,False,HIGH,HIGH,HIGH,LOW,LOW,HIGH,NORMAL,NORMAL,LOW,HIGH,False,HIGH,True
HIGH,NORMAL,LOW,False,False,False,False,False,HIGH,NORMAL,LOW,LOW,LOW,HIGH,ZERO,HIGH,HIGH,HIGH,True,ZERO,NORMAL,LOW,ZERO,HIGH,HIGH,NORMAL,HIGH,LOW,NORMAL,False,HIGH,False
HIGH,NORMAL,LOW,False,False,False,True,False,NORMAL,NORMAL,LOW,LOW,LOW,HIGH,NORMAL,HIGH,HIGH,NORMAL,False,ZERO,NORMAL,HIGH,ZERO,HIGH,HIGH,LOW,NORMAL,LOW,LOW,False,HIGH,False
HIGH,NORMAL,LOW,False,False,False,False,False,HIGH,NORMAL,LOW,LOW,NORMAL,NORMAL,ZERO,HIGH,HIGH,HIGH,False,ZERO,NORMAL,NORMAL,ZERO,HIGH,HIGH,NORMAL,NORMAL,LOW,NORMAL,True,HIGH,False
HIGH,NORMAL,LOW,False,False,False,False,True,LOW,NORMAL,LOW,LOW,HIGH,LOW,ZERO,HIGH,HIGH,LOW,False,ZERO,NORMAL,NORMAL,ZERO,HIGH,HIGH,NORMAL,LOW,LOW,HIGH,False,HIGH,False
LOW,NORMAL,HIGH,False,False,False,False,False,NORMAL,NORMAL,LOW,LOW,LOW,NORMAL,HIGH,LOW,LOW,NORMAL,False,HIGH,NORMAL,HIGH,LOW,LOW,NORMAL,NORMAL,NORMAL,LOW,LOW,False,NORMAL,False
HIGH,NORMAL,LOW,False,False,False,False,False,NORMAL,NORMAL,LOW,LOW,NORMAL,HIGH,ZERO,HIGH,HIGH,LOW,True,ZERO,NORMAL,LOW,ZERO,HIGH,HIGH,NORMAL,NORMAL,LOW,NORMAL,False,HIGH,False
HIGH,NORMAL,LOW,False,False,False,False,False,LOW,NORMAL,HIGH,LOW,NORMAL,NORMAL,LOW,HIGH,HIGH,NORMAL,False,LOW,NORMAL,HIGH,HIGH,HIGH,HIGH,NORMAL,LOW,LOW,LOW,False,HIGH,False
LOW,NORMAL,LOW,False,False,True,False,False,NORMAL,NORMAL,LOW,LOW,NORMAL,NORMAL,ZERO,NORMAL,HIGH,NORMAL,False,ZERO,NORMAL,LOW,ZERO,HIGH,NORMAL,NORMAL,NORMAL,LOW,NORMAL,False,HIGH,False
HIGH,NORMAL,LOW,False,False,False,False,False,HIGH,NORMAL,LOW,LOW,NORMAL,HIGH,ZERO,HIGH,HIGH,HIGH,False,ZERO,HIGH,NORMAL,ZERO,HIGH,HIGH,NORMAL,HIGH,LOW,HIGH,False,HIGH,False
HIGH,NORMAL,LOW,False,False,False,False,False,NORMAL,ONESIDED,LOW,LOW,NORMAL,HIGH,NORMAL,HIGH,HIGH,NORMAL,False,NORMAL,HIGH,LOW,ZERO,NORMAL,HIGH,NORMAL,NORMAL,LOW,HIGH,False,HIGH,False
HIGH,NORMAL,LOW,False,False,False,False,False,NORMAL,NORMAL,LOW,LOW,NORMAL,HIGH,ZERO,HIGH,HIGH,NORMAL,False,ZERO,NORMAL,HIGH,ZERO,HIGH,HIGH,NORMAL,NORMAL,LOW,HIGH,False,HIGH,False
HIGH,NORMAL,LOW,False,False,False,False,False,NORMAL,NORMAL,LOW,LOW,NORMAL,HIGH,ZERO,HIGH,HIGH,NORMAL,False,ZERO,NORMAL,LOW,ZERO,HIGH,HIGH,NORMAL,NORMAL,LOW,LOW,False,HIGH,False
HIGH,NORMAL,LOW,False,False,False,False,False,NORMAL,NORMAL,LOW,LOW,NORMAL,HIGH,ZERO,HIGH,HIGH,NORMAL,False,ZERO,NORMAL,HIGH,ZERO,HIGH,HIGH,NORMAL,NORMAL,LOW,HIGH,False,HIGH,False
HIGH,NORMAL,LOW,False,False,False,False,False,HIGH,NORMAL,LOW,LOW,NORMAL,HIGH,ZERO,HIGH,HIGH,HIGH,False,ZERO,NORMAL,HIGH,ZERO,HIGH,HIGH,NORMAL,HIGH,LOW,LOW,True,HIGH,False
HIGH,NORMAL,LOW,False,False,False,False,False,NORMAL,NORMAL,LOW,LOW,NORMAL,HIGH,ZERO,HIGH,HIGH,NORMAL,False,ZERO,NORMAL,LOW,ZERO,HIGH,HIGH,NORMAL,NORMAL,LOW,HIGH,False,HIGH,False
NORMAL,NORMAL,LOW,False,False,False,False,False,NORMAL,ONESIDED,LOW,LOW,NORMAL,HIGH,NORMAL,HIGH,HIGH,NORMAL,False,NORMAL,HIGH,NORMAL,ZERO,NORMAL,HIGH,NORMAL,NORMAL,NORMAL,HIGH,False,HIGH,False
HIGH,NORMAL,ZERO,False,False,True,True,False,NORMAL,NORMAL,HIGH,LOW,NORMAL,HIGH,ZERO,NORMAL,NORMAL,NORMAL,False,ZERO,NORMAL,NORMAL,ZERO,HIGH,HIGH,NORMAL,NORMAL,LOW,HIGH,False,HIGH,True
LOW,NORMAL,LOW,False,False,False,True,False,NORMAL,ONESIDED,NORMAL,LOW,NORMAL,NORMAL,LOW,LOW,LOW,HIGH,False,LOW,HIGH,LOW,LOW,HIGH,NORMAL,NORMAL,NORMAL,LOW,HIGH,False,HIGH,False
HIGH,NORMAL,LOW,False,False,False,False,False,NORMAL,NORMAL,ZERO,HIGH,HIGH,HIGH,ZERO,HIGH,HIGH,NORMAL,False,HIGH,NORMAL,NORMAL,ZERO,LOW,HIGH,NORMAL,NORMAL,HIGH,HIGH,False,HIGH,False
HIGH,NORMAL,LOW,False,False,False,False,False,NORMAL,NORMAL,LOW,LOW,NORMAL,HIGH,ZERO,HIGH,HIGH,NORMAL,True,ZERO,NORMAL,NORMAL,ZERO,HIGH,HIGH,NORMAL,NORMAL,LOW,HIGH,False,HIGH,False
HIGH,NORMAL,LOW,False,False,False,False,False,NORMAL,NORMAL,NORMAL,LOW,LOW,HIGH,ZERO,HIGH,HIGH,NORMAL,False,NORMAL,NORMAL,HIGH,NORMAL,NORMAL,HIGH,NORMAL,NORMAL,LOW,HIGH,False,HIGH,False
LOW,NORMAL,LOW,False,False,False,False,False,NORMAL,NORMAL,LOW,LOW,NORMAL,NORMAL,ZERO,LOW,LOW,NORMAL,False,NORMAL,NORMAL,HIGH,ZERO,NORMAL,NORMAL,NORMAL,LOW,LOW,NORMAL,False,NORMAL,False
HIGH,NORMAL,LOW,False,False,False,False,False,NORMAL,NORMAL,LOW,LOW,NORMAL,HIGH,ZERO,HIGH,HIGH,NORMAL,False,ZERO,NORMAL,NORMAL,ZERO,HIGH,HIGH,NORMAL,NORMAL,LOW,HIGH,False,HIGH,False
HIGH,NORMAL,LOW,False,False,False,False,False,NORMAL,NORMAL,LOW,LOW,HIGH,NORMAL,ZERO,HIGH,HIGH,NORMAL,False,ZERO,NORMAL,LOW,ZERO,HIGH,HIGH,NORMAL,NORMAL,LOW,HIGH,False,HIGH,False
NORMAL,NORMAL,LOW,False,False,False,True,False,NORMAL,NORMAL,LOW,LOW,HIGH,HIGH,ZERO,HIGH,HIGH,NORMAL,False,ZERO,NORMAL,LOW,ZERO,HIGH,HIGH,NORMAL,NORMAL,LOW,LOW,False,HIGH,False
HIGH,NORMAL,LOW,False,False,False,False,False,NORMAL,NORMAL,LOW,LOW,NORMAL,HIGH,ZERO,HIGH,HIGH,NORMAL,False,ZERO,NORMAL,NORMAL,ZERO,HIGH,HIGH,NORMAL,NORMAL,LOW,LOW,False,HIGH,False
LOW,NORMAL,LOW,False,False,False,False,False,HIGH,NORMAL,LOW,LOW,NORMAL,NORMAL,ZERO,LOW,LOW,HIGH,False,ZERO,NORMAL,HIGH,ZERO,HIGH,NORMAL,NORMAL,HIGH,LOW,HIGH,False,NORMAL,False
NORMAL,NORMAL,LOW,False,False,False,False,False,NORMAL,NORMAL,LOW,LOW,NORMAL,HIGH,ZERO,HIGH,HIGH,NORMAL,False,ZERO,NORMAL,NORMAL,ZERO,HIGH,HIGH,NORMAL,NORMAL,LOW,LOW,False,HIGH,False
HIGH,NORMAL,LOW,False,False,False,True,False,HIGH,NORMAL,LOW,LOW,NORMAL,HIGH,ZERO,HIGH,HIGH,HIGH,False,ZERO,HIGH,LOW,ZERO,HIGH,HIGH,NORMAL,NORMAL,LOW,HIGH,True,HIGH,False
HIGH,ZERO,ZERO,False,False,False,False,False,HIGH,NORMAL,LOW,LOW,NORMAL,HIGH,ZERO,HIGH,HIGH,HIGH,False,ZERO,NORMAL,LOW,ZERO,HIGH,HIGH,NORMAL,HIGH,LOW,HIGH,False,HIGH,False
NORMAL,ZERO,ZERO,False,False,False,False,False,NORMAL,NORMAL,LOW,LOW,NORMAL,HIGH,ZERO,HIGH,HIGH,NORMAL,False,ZERO,NORMAL,LOW,ZERO,HIGH,HIGH,NORMAL,NORMAL,LOW,NORMAL,False,HIGH,True
HIGH,ZERO,ZERO,False,False,False,False,True,LOW,NORMAL,LOW,LOW,HIGH,NORMAL,ZERO,HIGH,HIGH,LOW,True,ZERO,NORMAL,HIGH,ZERO,HIGH,HIGH,NORMAL,LOW,LOW,ZERO,True,HIGH,False
NORMAL,ZERO,ZERO,False,False,False,False,False,NORMAL,NORMAL,LOW,HIGH,NORMAL,HIGH,HIGH,HIGH,HIGH,NORMAL,False,HIGH,HIGH,NORMAL,LOW,LOW,HIGH,NORMAL,NORMAL,LOW,HIGH,False,HIGH,False
LOW,ZERO,ZERO,False,False,False,False,False,NORMAL,NORMAL,LOW,HIGH,NORMAL,LOW,HIGH,LOW,LOW,NORMAL,False,HIGH,NORMAL,HIGH,LOW,LOW,NORMAL,NORMAL,NORMAL,HIGH,HIGH,False,NORMAL,False
HIGH,ZERO,ZERO,False,False,False,False,False,HIGH,NORMAL,LOW,LOW,NORMAL,LOW,ZERO,HIGH,HIGH,HIGH,False,ZERO,NORMAL,NORMAL,ZERO,HIGH,HIGH,NORMAL,HIGH,LOW,HIGH,True,HIGH,False
HIGH,ZERO,ZERO,False,False,False,False,False,NORMAL,NORMAL,LOW,LOW,NORMAL,HIGH,ZERO,HIGH,HIGH,NORMAL,False,ZERO,NORMAL,HIGH,ZERO,HIGH,HIGH,NORMAL,NORMAL,LOW,HIGH,False,HIGH,False
NORMAL,ZERO,ZERO,False,False,False,False,False,NORMAL,NORMAL,LOW,HIGH,NORMAL,LOW,HIGH,HIGH,NORMAL,NORMAL,False,HIGH,NORMAL,NORMAL,LOW,LOW,LOW,NORMAL,NORMAL,LOW,HIGH,False,NORMAL,False
HIGH,ZERO,ZERO,False,False,False,False,False,NORMAL,NORMAL,LOW,HIGH,NORMAL,HIGH,HIGH,HIGH,HIGH,NORMAL,False,HIGH,NORMAL,LOW,LOW,LOW,HIGH,NORMAL,NORMAL,HIGH,HIGH,False,HIGH,False
HIGH,ZERO,ZERO,False,False,False,False,False,NORMAL,NORMAL,LOW,LOW,NORMAL,HIGH,ZERO,HIGH,HIGH,NORMAL,False,ZERO,NORMAL,NORMAL,ZERO,HIGH,HIGH,NORMAL,NORMAL,LOW,HIGH,False,HIGH,False
LOW,ZERO,ZERO,False,False,False,False,True,LOW,NORMAL,ZERO,HIGH,NORMAL,LOW,HIGH,LOW,LOW,LOW,False,HIGH,NORMAL,NORMAL,LOW,NORMAL,NORMAL,NORMAL,NORMAL,HIGH,HIGH,False,HIGH,False
LOW,ZERO,ZERO,False,False,True,False,True,LOW,NORMAL,HIGH,LOW,NORMAL,LOW,ZERO,LOW,LOW,LOW,False,ZERO,NORMAL,HIGH,ZERO,HIGH,NORMAL,NORMAL,NORMAL,HIGH,HIGH,False,NORMAL,False
HIGH,ZERO,ZERO,False,False,False,False,False,NORMAL,NORMAL,LOW,NORMAL,NORMAL,NORMAL,ZERO,HIGH,HIGH,NORMAL,False,ZERO,NORMAL,LOW,ZERO,HIGH,HIGH,NORMAL,NORMAL,NORMAL,HIGH,True,HIGH,False
HIGH,ZERO,ZERO,False,False,True,False,False,NORMAL,NORMAL,LOW,LOW,NORMAL,LOW,ZERO,NORMAL,NORMAL,NORMAL,False,ZERO,NORMAL,HIGH,ZERO,HIGH,HIGH,NORMAL,NORMAL,LOW,HIGH,False,HIGH,False
LOW,ZERO,ZERO,False,False,False,False,False,NORMAL,NORMAL,LOW,HIGH,NORMAL,NORMAL,HIGH,LOW,LOW,NORMAL,False,HIGH,NORMAL,HIGH,LOW,LOW,NORMAL,NORMAL,NORMAL,HIGH,HIGH,False,NORMAL,False
HIGH,ZERO,ZERO,False,False,False,False,False,HIGH,NORMAL,LOW,HIGH,NORMAL,HIGH,HIGH,HIGH,HIGH,HIGH,False,HIGH,NORMAL,LOW,LOW,LOW,HIGH,NORMAL,NORMAL,HIGH,HIGH,False,HIGH,False
LOW,ZERO,ZERO,False,False,False,False,True,LOW,NORMAL,LOW,HIGH,HIGH,LOW,HIGH,LOW,LOW,LOW,False,HIGH,NORMAL,HIGH,LOW,LOW,NORMAL,NORMAL,LOW,HIGH,HIGH,False,NORMAL,False
HIGH,ZERO,ZERO,False,False,False,False,False,NORMAL,NORMAL,LOW,HIGH,NORMAL,HIGH,HIGH,HIGH,HIGH,NORMAL,False,HIGH,NORMAL,NORMAL,LOW,LOW,HIGH,NORMAL,LOW,HIGH,HIGH,False,HIGH,False
LOW,ZERO,ZERO,False,False,False,False,False,NORMAL,NORMAL,LOW,NORMAL,NORMAL,LOW,HIGH,LOW,NORMAL,NORMAL,False,HIGH,NORMAL,NORMAL,LOW,LOW,LOW,NORMAL,NORMAL,NORMAL,HIGH,False,HIGH,True
HIGH,ZERO,ZERO,False,False,False,False,False,NORMAL,NORMAL,LOW,LOW,NORMAL,HIGH,ZERO,HIGH,HIGH,NORMAL,False,ZERO,NORMAL,HIGH,ZERO,HIGH,HIGH,NORMAL,NORMAL,LOW,HIGH,False,HIGH,False
HIGH,ZERO,ZERO,False,False,False,False,False,NORMAL,NORMAL,LOW,LOW,NORMAL,HIGH,ZERO,HIGH,HIGH,NORMAL,False,ZERO,NORMAL,HIGH,ZERO,HIGH,HIGH,NORMAL,NORMAL,LOW,HIGH,False,HIGH,False
HIGH,ZERO,ZERO,False,False,False,False,False,NORMAL,NORMAL,ZERO,HIGH,NORMAL,HIGH,HIGH,HIGH,HIGH,NORMAL,False,HIGH,NORMAL,NORMAL,LOW,NORMAL,HIGH,NORMAL,NORMAL,HIGH,HIGH,False,HIGH,False
HIGH,ZERO,ZERO,False,False,False,False,False,NORMAL,NORMAL,LOW,HIGH,NORMAL,HIGH,HIGH,HIGH,HIGH,NORMAL,False,HIGH,NORMAL,LOW,LOW,LOW,HIGH,NORMAL,NORMAL,HIGH,HIGH,False,HIGH,False
HIGH,ZERO,ZERO,False,False,False,False,False,NORMAL,NORMAL,LOW,HIGH,NORMAL,HIGH,HIGH,HIGH,HIGH,NORMAL,False,HIGH,NORMAL,NORMAL,LOW,LOW,HIGH,NORMAL,NORMAL,HIGH,HIGH,False,HIGH,False
HIGH,ZERO,ZERO,False,False,False,False,False,NORMAL,NORMAL,LOW,HIGH,NORMAL,HIGH,HIGH,HIGH,HIGH,NORMAL,False,HIGH,NORMAL,LOW,LOW,LOW,HIGH,NORMAL,HIGH,HIGH,HIGH,False,HIGH,False
LOW,ZERO,ZERO,False,False,False,False,False,NORMAL,NORMAL,LOW,HIGH,NORMAL,NORMAL,HIGH,LOW,LOW,NORMAL,False,HIGH,NORMAL,NORMAL,LOW,LOW,NORMAL,NORMAL,NORMAL,HIGH,HIGH,False,NORMAL,False
HIGH,ZERO,ZERO,False,False,False,False,False,LOW,NORMAL,LOW,HIGH,NORMAL,HIGH,HIGH,HIGH,HIGH,LOW,False,HIGH,NORMAL,LOW,LOW,LOW,HIGH,NORMAL,LOW,HIGH,HIGH,False,HIGH,False
