A,B,C,F,G,H,I,J,K,L,M,N,O,P,Q,R,S
21303,SITKA COMMUNITY HOSPITAL,209 MOLLER DRIVE,SITKA,AK,99835,SITKA,9077473241,Critical Access Hospitals,Government - Local,Yes,Heart Failure,HF-3,Heart Failure Patients Given ACE Inhibitor or ARB for Left Ventricular Systolic Dysfunction (LVSD),100%,1 patients,AK_HF-3
21313,SOUTH PENINSULA HOSPITAL,4300 BARTLETT ST,HOMER,AK,99603,KENAI PENINSULA,9072358101,Critical Access Hospitals,Government - Local,Yes,Heart Attack,AMI-1,Heart Attack Patients Given Aspirin at Arrival,100%,1 patients,AK_AMI-1
50067,OAK VALLEY DISTRICT HOSPITAL,350 S OAK AVE,OAKDALE,CA,95361,STANISLAUS,2098473011,Acute Care Hospitals,Government - Hospital District or Authority,Yes,Heart Attack,AMI-4,Heart Attack Patients Given Smoking Cessation Advice/Counseling,100%,1 patients,CA_AMI-4
10069,MEDICAL CENTER BARBOUR,820 W WASHINGTON ST,EUFAULA,AL,36027,BARBOUR,3346887271,Acute Care Hospitals,Voluntary non-profit - Other,No,Heart Attack,AMI-2,Heart Attack Patients Given Aspirin at Discharge,0%,1 patients,AL_AMI-2
21305,WRANGELL MEDICAL CENTER,310 BENNETT STREET PO BOX 1081,WRANGELL,AK,99929,WRANGELL PETERSBURG,9078747000,Critical Access Hospitals,Government - Local,No,Heart Attack,AMI-4,Heart Attack Patients Given Smoking Cessation Advice/Counseling,0%,1 patients,AK_AMI-4
21311,KETCHIKAN GENERAL HOSPITAL,3100 TONGASS AVENUE,KETCHIKAN,AK,99901,KETCHIKAN GATEWAY,9072255171,Critical Access Hospitals,Voluntary non-profit - Church,Yes,Heart Attack,AMI-2,Heart Attack Patients Given Aspirin at Discharge,100%,1 patients,AK_AMI-2
10045,FAYETTE MEDICAL CENTER,1653 TEMPLE AVENUE NORTH,FAYETTE,AL,35555,FAYETTE,2059325966,Acute Care Hospitals,Voluntary non-profit - Other,Yes,Heart Attack,AMI-3,Heart Attack Patients Given ACE Inhibitor or ARB for Left Ventricular Systolic Dysfunction (LVSD),0%,1 patients,AL_AMI-3
31309,SAGE MEMORIAL HOSPITAL,STATE ROUTE 264 SOUTH 191 PO BOX 457,GANADO,AZ,86505,APACHE,9287554500,Critical Access Hospitals,Voluntary non-profit - Private,Yes,Heart Failure,HF-2,Heart Failure Patients Given an Evaluation of Left Ventricular Systolic (LVS) Function,100%,1 patients,AZ_HF-2
31303,SOUTHEAST ARIZONA MEDICAL CENTER,2174 WEST OAK AVENUE,DOUGLAS,AZ,85607,COCHISE,5203647931,Critical Access Hospitals,Voluntary non-profit - Private,No,Heart Failure,HF-3,Heart Failure Patients Given ACE Inhibitor or ARB for Left Ventricular Systolic Dysfunction (LVSD),0%,1 patients,AZ_HF-3
41310,STONE COUNTY MEDICAL CENTER,HIGHWAY 14 EAST,MOUNTAIN VIEW,AR,72560,STONE,8702694361,Critical Access Hospitals,Voluntary non-profit - Other,Yes,Heart Attack,AMI-5,Heart Attack Patients Given Beta Blocker at Discharge,100%,1 patients,AR_AMI-5
41327,BRADLEY COUNTY MEDICAL CENTER,404 SOUTH BRADLEY STREET,WARREN,AR,71671,BRADLEY,8702263731,Critical Access Hospitals,Voluntary non-profit - Private,Yes,Heart Attack,AMI-1,Heart Attack Patients Given Aspirin at Arrival,100%,1 patients,AR_AMI-1
41330,PIGGOTT COMMUNITY HOSPITAL,1206 GORDON DUCKWORTH DRIVE,PIGGOTT,AR,72454,CLAY,8705983881,Critical Access Hospitals,Government - Local,Yes,Heart Attack,AMI-2,Heart Attack Patients Given Aspirin at Discharge,100%,1 patients,AR_AMI-2
30083,PARADISE VALLEY HOSPITAL,3929 EAST BELL ROAD,PHOENIX,AZ,85032,MARICOPA,6029235000,Acute Care Hospitals,Proprietary,Yes,Heart Attack,AMI-3,Heart Attack Patients Given ACE Inhibitor or ARB for Left Ventricular Systolic Dysfunction (LVSD),100%,10 patients,AZ_AMI-3
10099,D W MCMILLAN MEMORIAL HOSPITAL,1301 BELLEVILLE AVENUE,BREWTON,AL,36426,ESCAMBIA,2518678061,Acute Care Hospitals,Government - Hospital District or Authority,Yes,Surgical Infection Prevention,SCIP-CARD-2,surgery patients who were taking heart drugs called beta blockers before coming to the hospital&#54; who were kept on the beta blockers during the period just before and after their surgery,70%,10 patients,AL_SCIP-CARD-2
50110,LOMPOC VALLEY MEDICAL CENTER,508 E HICKORY AVE,LOMPOC,CA,93436,SANTA BARBARA,8057373300,Acute Care Hospitals,Government - Hospital District or Authority,Yes,Heart Attack,AMI-1,Heart Attack Patients Given Aspirin at Arrival,60%,10 patients,CA_AMI-1
11302,RED BAY HOSPITAL,211 HOSPITAL ROAD,RED BAY,AL,35582,FRANKLIN,2563569532,Critical Access Hospitals,Voluntary non-profit - Other,Yes,Pneumonia,PN-2,Pneumonia Patients Assessed and Given Pneumococcal Vaccination,90%,10 patients,AL_PN-2
40002,JOHNSON REGIONAL MEDICAL CENTER,1100 EAST POPLAR STREET,CLARKSVILLE,AR,72830,JOHNSON,4797545454,Acute Care Hospitals,Voluntary non-profit - Private,Yes,Pneumonia,PN-2,Pneumonia Patients Assessed and Given Pneumococcal Vaccination,99%,100 patients,AR_PN-2
10010,MARSHALL MEDICAL CENTER NORTH,8000 ALABAMA HIGHWAY 69,GUNTERSVILLE,AL,35976,MARSHALL,2565718000,Acute Care Hospitals,Government - Hospital District or Authority,Yes,Pneumonia,PN-7,Pneumonia Patients Assessed and Given Influenza Vaccination,90%,101 patients,AL_PN-7
50079,DOCTORS MEDICAL CENTER-SAN PABLO,2000 VALE RD,SAN PABLO,CA,94806,CONTRA COSTA,5109705000,Acute Care Hospitals,Government - Hospital District or Authority,Yes,Heart Failure,HF-3,Heart Failure Patients Given ACE Inhibitor or ARB for Left Ventricular Systolic Dysfunction (LVSD),81%,102 patients,CA_HF-3
40022,NW ARKANSAS HOSPITALS; LLC,609 WEST MAPLE AVENUE,SPRINGDALE,AR,72764,WASHINGTON,4797515711,Acute Care Hospitals,Proprietary,No,Heart Attack,AMI-4,Heart Attack Patients Given Smoking Cessation Advice/Counseling,99%,103 patients,AR_AMI-4
30023,FLAGSTAFF MEDICAL CENTER,1200 NORTH BEAVER STREET,FLAGSTAFF,AZ,86001,COCONINO,9287732009,Acute Care Hospitals,Voluntary non-profit - Private,Yes,Pneumonia,PN-5C,Pneumonia Patients Given Initial Antibiotic(s) within 6 Hours After Arrival,92%,104 patients,AZ_PN-5C
30061,BANNER BOSWELL MEDICAL CENTER,10401 WEST THUNDERBIRD BOULEVARD,SUN CITY,AZ,85351,MARICOPA,6239777211,Acute Care Hospitals,Voluntary non-profit - Other,Yes,Pneumonia,PN-3B,Pneumonia Patients Whose Initial Emergency Room Blood Culture Was Performed Prior To The Administration Of The First Hospital Dose Of Antibiotics,97%,105 patients,AZ_PN-3B
50104,SAINT FRANCIS MEDICAL CENTER,3630 EAST IMPERIAL HIGHWAY,LYNWOOD,CA,90262,LOS ANGELES,3109008900,Acute Care Hospitals,Voluntary non-profit - Church,Yes,Heart Failure,HF-4,Heart Failure Patients Given Smoking Cessation Advice/Counseling,100%,106 patients,CA_HF-4
10006,ELIZA COFFEE MEMORIAL HOSPITAL,205 MARENGO STREET,FLORENCE,AL,35631,LAUDERDALE,2567688400,Acute Care Hospitals,Voluntary non-profit - Other,Yes,Surgical Infection Prevention,SCIP-CARD-2,surgery patients who were taking heart drugs called beta blockers before coming to the hospital&#54; who were kept on the beta blockers during the period just before and after their surgery,96%,107 patients,AL_SCIP-CARD-2
30120,GILBERT HOSPITAL,5656 SOUTH POWER ROAD,GILBERT,AZ,85295,MARICOPA,4802795835,Acute Care Hospitals,Proprietary,No,Pneumonia,PN-6,Pneumonia Patients Given the Most Appropriate Initial Antibiotic(s),94%,108 patients,AZ_PN-6
10087,UNIV OF SOUTH ALABAMA MEDICAL CENTER,2451 FILLINGIM STREET,MOBILE,AL,36617,MOBILE,2514717110,Acute Care Hospitals,Government - State,Yes,Surgical Infection Prevention,SCIP-INF-3,surgery patients whose preventive antibiotics were stopped at the right time (within 24 hours after surgery),90%,109 patients,AL_SCIP-INF-3
50248,NATIVIDAD MEDICAL CENTER,1441 CONSTITUTION BOULEVARD,SALINAS,CA,93906,MONTEREY,8317554195,Acute Care Hospitals,Government - Local,Yes,Heart Failure,HF-4,Heart Failure Patients Given Smoking Cessation Advice/Counseling,100%,11 patients,CA_HF-4
30100,TUCSON HEART HOSPITAL,4888 NORTH STONE AVENUE,TUCSON,AZ,85704,PIMA,5206962328,Acute Care Hospitals,Proprietary,Yes,Surgical Infection Prevention,SCIP-VTE-2,patients who got treatment  at the right time (within 24 hours before or after their surgery) to help prevent blood clots after certain types of surgery,64%,11 patients,AZ_SCIP-VTE-2
50688,SAINT LOUISE REGIONAL HOSPITAL,9400 NO NAME UNO,GILROY,CA,95020,SANTA CLARA,4088482000,Acute Care Hospitals,Voluntary non-profit - Church,Yes,Surgical Infection Prevention,SCIP-CARD-2,surgery patients who were taking heart drugs called beta blockers before coming to the hospital&#54; who were kept on the beta blockers during the period just before and after their surgery,91%,11 patients,CA_SCIP-CARD-2
50153,O-CONNOR HOSPITAL,2105 FOREST AVENUE,SAN JOSE,CA,95128,SANTA CLARA,4089472500,Acute Care Hospitals,Voluntary non-profit - Church,Yes,Heart Attack,AMI-2,Heart Attack Patients Given Aspirin at Discharge,98%,110 patients,CA_AMI-2
40147,ARKANSAS SURGICAL HOSPITAL,5201 NORTH SHORE DRIVE,NO LITTLE ROCK,AR,72118,PULASKI,5017488000,Acute Care Hospitals,Voluntary non-profit - Private,Yes,Surgical Infection Prevention,SCIP-VTE-2,patients who got treatment  at the right time (within 24 hours before or after their surgery) to help prevent blood clots after certain types of surgery,100%,111 patients,AR_SCIP-VTE-2
50111,TEMPLE COMMUNITY HOSPITAL,235 N HOOVER ST,LOS ANGELES,CA,90004,LOS ANGELES,2133827252,Acute Care Hospitals,Proprietary,No,Heart Failure,HF-2,Heart Failure Patients Given an Evaluation of Left Ventricular Systolic (LVS) Function,88%,112 patients,CA_HF-2
40137,ST VINCENT MEDICAL CTR NORTH,2215 WILDWOOD AVENUE,SHERWOOD,AR,72120,PULASKI,5015527100,Acute Care Hospitals,Voluntary non-profit - Private,Yes,Surgical Infection Prevention,SCIP-INF-6,surgery patients needing hair removed from the surgical area before surgery&#54; who had hair removed using a safer method (electric clippers or hair removal cream sC not a razor),87%,113 patients,AR_SCIP-INF-6
10055,FLOWERS HOSPITAL,4370 WEST MAIN STREET,DOTHAN,AL,36305,HOUSTON,3347935000,Acute Care Hospitals,Proprietary,Yes,Heart Attack,AMI-4,Heart Attack Patients Given Smoking Cessation Advice/Counseling,100%,114 patients,AL_AMI-4
50688,SAINT LOUISE REGIONAL HOSPITAL,9400 NO NAME UNO,GILROY,CA,95020,SANTA CLARA,4088482000,Acute Care Hospitals,Voluntary non-profit - Church,Yes,Surgical Infection Prevention,SCIP-VTE-2,patients who got treatment  at the right time (within 24 hours before or after their surgery) to help prevent blood clots after certain types of surgery,91%,115 patients,CA_SCIP-VTE-2
50107,MARIAN MEDICAL CENTER,1400 E CHURCH ST,SANTA MARIA,CA,93454,SANTA BARBARA,8057393000,Acute Care Hospitals,Voluntary non-profit - Church,Yes,Heart Attack,AMI-2,Heart Attack Patients Given Aspirin at Discharge,100%,116 patients,CA_AMI-2
10016,SHELBY BAPTIST MEDICAL CENTER,1000 FIRST STREET NORTH,ALABASTER,AL,35007,SHELBY,2056208100,Acute Care Hospitals,Voluntary non-profit - Church,Yes,Surgical Infection Prevention,SCIP-INF-4,all heart surgery patients whose blood sugar (blood glucose) is kept under good control in the days right after surgery,93%,116 patients,AL_SCIP-INF-4
50129,ST BERNARDINE MEDICAL CENTER,2101 N WATERMAN AVE,SAN BERNARDINO,CA,92404,SAN BERNARDINO,9098814440,Acute Care Hospitals,Voluntary non-profit - Church,Yes,Heart Failure,HF-3,Heart Failure Patients Given ACE Inhibitor or ARB for Left Ventricular Systolic Dysfunction (LVSD),98%,117 patients,CA_HF-3
50204,LANCASTER COMMUNITY HOSPITAL,43830 N 10TH ST W,LANCASTER,CA,93534,LOS ANGELES,6619484781,Acute Care Hospitals,Proprietary,Yes,Pneumonia,PN-7,Pneumonia Patients Assessed and Given Influenza Vaccination,96%,118 patients,CA_PN-7
30094,ARROWHEAD HOSPITAL,18701 NORTH 67TH AVENUE,GLENDALE,AZ,85308,MARICOPA,6235611000,Acute Care Hospitals,Proprietary,Yes,Heart Attack,AMI-2,Heart Attack Patients Given Aspirin at Discharge,99%,119 patients,AZ_AMI-2
50054,SAN GORGONIO MEMORIAL HOSPITAL,600 NORTH HIGHLAND SPRINGS AVENUE,BANNING,CA,92220,RIVERSIDE,9517692101,Acute Care Hospitals,Government - Hospital District or Authority,Yes,Surgical Infection Prevention,SCIP-INF-2,surgery patients who were given the  right kind  of antibiotic to help prevent infection,83%,12 patients,CA_SCIP-INF-2
10045,FAYETTE MEDICAL CENTER,1653 TEMPLE AVENUE NORTH,FAYETTE,AL,35555,FAYETTE,2059325966,Acute Care Hospitals,Voluntary non-profit - Other,Yes,Heart Attack,AMI-2,Heart Attack Patients Given Aspirin at Discharge,100%,12 patients,AL_AMI-2
40018,SUMMIT MEDICAL CENTER,EAST MAIN AND SOUTH 20TH STREETS,VAN BUREN,AR,72956,CRAWFORD,4794743401,Acute Care Hospitals,Proprietary,Yes,Heart Attack,AMI-2,Heart Attack Patients Given Aspirin at Discharge,92%,12 patients,AR_AMI-2
30111,UNIVERSITY PHYSICIANS HEALTHCARE HOSPITAL AT KINO,2800 EAST AJO WAY,TUCSON,AZ,85713,PIMA,5202944471,Acute Care Hospitals,Voluntary non-profit - Private,Yes,Surgical Infection Prevention,SCIP-CARD-2,surgery patients who were taking heart drugs called beta blockers before coming to the hospital&#54; who were kept on the beta blockers during the period just before and after their surgery,33%,12 patients,AZ_SCIP-CARD-2
50016,ARROYO GRANDE COMMUNITY HOSPITAL,345 S HALCYON RD,ARROYO GRANDE,CA,93420,SAN LUIS OBISPO,8054894261,Acute Care Hospitals,Voluntary non-profit - Private,Yes,Surgical Infection Prevention,SCIP-INF-2,surgery patients who were given the  right kind  of antibiotic to help prevent infection,99%,120 patients,CA_SCIP-INF-2
50264,SAN LEANDRO HOSPITAL,13855 E 14TH STREET,SAN LEANDRO,CA,94578,ALAMEDA,5106674510,Acute Care Hospitals,Proprietary,Yes,Pneumonia,PN-3B,Pneumonia Patients Whose Initial Emergency Room Blood Culture Was Performed Prior To The Administration Of The First Hospital Dose Of Antibiotics,98%,121 patients,CA_PN-3B
10054,PARKWAY MEDICAL CENTER,1874 BELTLINE RD SW,DECATUR,AL,35601,MORGAN,2563502211,Acute Care Hospitals,Proprietary,Yes,Pneumonia,PN-6,Pneumonia Patients Given the Most Appropriate Initial Antibiotic(s),89%,122 patients,AL_PN-6
50112,SANTA MONICA - UCLA MED CTR & ORTHOPAEDIC HOSPITAL,1250 16TH STREET,SANTA MONICA,CA,90404,LOS ANGELES,3103194000,Acute Care Hospitals,Government - State,Yes,Heart Attack,AMI-5,Heart Attack Patients Given Beta Blocker at Discharge,96%,123 patients,CA_AMI-5
40071,JEFFERSON REGIONAL MEDICAL CENTER,1600 WEST 40TH AVENUE,PINE BLUFF,AR,71603,JEFFERSON,8705417100,Acute Care Hospitals,Voluntary non-profit - Other,Yes,Surgical Infection Prevention,SCIP-CARD-2,surgery patients who were taking heart drugs called beta blockers before coming to the hospital&#54; who were kept on the beta blockers during the period just before and after their surgery,99%,124 patients,AR_SCIP-CARD-2
50242,DOMINICAN HOSPITAL,1555 SOQUEL DRIVE,SANTA CRUZ,CA,95065,SANTA CRUZ,8314627700,Acute Care Hospitals,Voluntary non-profit - Church,Yes,Pneumonia,PN-7,Pneumonia Patients Assessed and Given Influenza Vaccination,89%,125 patients,CA_PN-7
50016,ARROYO GRANDE COMMUNITY HOSPITAL,345 S HALCYON RD,ARROYO GRANDE,CA,93420,SAN LUIS OBISPO,8054894261,Acute Care Hospitals,Voluntary non-profit - Private,Yes,Surgical Infection Prevention,SCIP-VTE-2,patients who got treatment  at the right time (within 24 hours before or after their surgery) to help prevent blood clots after certain types of surgery,92%,126 patients,CA_SCIP-VTE-2
30022,MARICOPA MEDICAL CENTER,2601 EAST ROOSEVELT STREET,PHOENIX,AZ,85008,MARICOPA,6023445011,Acute Care Hospitals,Government - Local,Yes,Heart Failure,HF-1,Heart Failure Patients Given Discharge Instructions,82%,127 patients,AZ_HF-1
40088,MEDICAL CENTER SOUTH ARKANSAS,700 WEST GROVE STREET,EL DORADO,AR,71731,UNION,8708632000,Acute Care Hospitals,Proprietary,Yes,Heart Attack,AMI-5,Heart Attack Patients Given Beta Blocker at Discharge,99%,128 patients,AR_AMI-5
40071,JEFFERSON REGIONAL MEDICAL CENTER,1600 WEST 40TH AVENUE,PINE BLUFF,AR,71603,JEFFERSON,8705417100,Acute Care Hospitals,Voluntary non-profit - Other,Yes,Pneumonia,PN-7,Pneumonia Patients Assessed and Given Influenza Vaccination,98%,129 patients,AR_PN-7
10112,BRYAN W WHITFIELD MEM HOSP INC,105 HIGHWAY 80 EAST,DEMOPOLIS,AL,36732,MARENGO,3342894000,Acute Care Hospitals,Government - Hospital District or Authority,Yes,Heart Attack,AMI-1,Heart Attack Patients Given Aspirin at Arrival,69%,13 patients,AL_AMI-1
50131,NOVATO COMMUNITY HOSPITAL,180 ROWLAND WAY,NOVATO,CA,94945,MARIN,4152091300,Acute Care Hospitals,Voluntary non-profit - Other,Yes,Heart Failure,HF-3,Heart Failure Patients Given ACE Inhibitor or ARB for Left Ventricular Systolic Dysfunction (LVSD),92%,13 patients,CA_HF-3
50110,LOMPOC VALLEY MEDICAL CENTER,508 E HICKORY AVE,LOMPOC,CA,93436,SANTA BARBARA,8057373300,Acute Care Hospitals,Government - Hospital District or Authority,Yes,Pneumonia,PN-4,Pneumonia Patients Given Smoking Cessation Advice/Counseling,77%,13 patients,CA_PN-4
50174,SANTA ROSA MEMORIAL HOSPITAL,1165 MONTGOMERY DR,SANTA ROSA,CA,95405,SONOMA,7075255300,Acute Care Hospitals,Voluntary non-profit - Private,Yes,Heart Attack,AMI-1,Heart Attack Patients Given Aspirin at Arrival,98%,130 patients,CA_AMI-1
50025,UNIV OF CALIFORNIA SAN DIEGO MED CTR,200 WEST ARBOR DRIVE,SAN DIEGO,CA,92103,SAN DIEGO,6195436737,Acute Care Hospitals,Government - State,Yes,Surgical Infection Prevention,SCIP-INF-4,all heart surgery patients whose blood sugar (blood glucose) is kept under good control in the days right after surgery,90%,131 patients,CA_SCIP-INF-4
30036,CHANDLER REGIONAL MEDICAL CENTER,475 SOUTH DOBSON ROAD,CHANDLER,AZ,85224,MARICOPA,4809634561,Acute Care Hospitals,Voluntary non-profit - Other,Yes,Pneumonia,PN-3B,Pneumonia Patients Whose Initial Emergency Room Blood Culture Was Performed Prior To The Administration Of The First Hospital Dose Of Antibiotics,95%,132 patients,AZ_PN-3B
30103,MAYO CLINIC HOSPITAL,5777 EAST MAYO BOULEVARD,PHOENIX,AZ,85054,MARICOPA,4805156296,Acute Care Hospitals,Voluntary non-profit - Private,Yes,Pneumonia,PN-6,Pneumonia Patients Given the Most Appropriate Initial Antibiotic(s),92%,133 patients,AZ_PN-6
30037,ST LUKES MEDICAL CENTER,1800 EAST VAN BUREN STREET,PHOENIX,AZ,85006,MARICOPA,6022518156,Acute Care Hospitals,Proprietary,No,Pneumonia,PN-6,Pneumonia Patients Given the Most Appropriate Initial Antibiotic(s),92%,134 patients,AZ_PN-6
40091,MEDICAL PARK HOSPITAL,2001 SOUTH MAIN STREET,HOPE,AR,71801,HEMPSTEAD,8707772323,Acute Care Hospitals,Proprietary,Yes,Pneumonia,PN-2,Pneumonia Patients Assessed and Given Pneumococcal Vaccination,87%,135 patients,AR_PN-2
10001,SOUTHEAST ALABAMA MEDICAL CENTER,1108 ROSS CLARK CIRCLE,DOTHAN,AL,36302,HOUSTON,3347938701,Acute Care Hospitals,Government - Hospital District or Authority,Yes,Surgical Infection Prevention,SCIP-INF-4,all heart surgery patients whose blood sugar (blood glucose) is kept under good control in the days right after surgery,96%,136 patients,AL_SCIP-INF-4
30094,ARROWHEAD HOSPITAL,18701 NORTH 67TH AVENUE,GLENDALE,AZ,85308,MARICOPA,6235611000,Acute Care Hospitals,Proprietary,Yes,Pneumonia,PN-7,Pneumonia Patients Assessed and Given Influenza Vaccination,92%,137 patients,AZ_PN-7
50125,REGIONAL MEDICAL CENTER OF SAN JOSE,225 N JACKSON AVENUE,SAN JOSE,CA,95116,SANTA CLARA,4082595000,Acute Care Hospitals,Voluntary non-profit - Church,Yes,Heart Attack,AMI-5,Heart Attack Patients Given Beta Blocker at Discharge,100%,138 patients,CA_AMI-5
30014,JOHN C LINCOLN NORTH MOUNTAIN HOSPITAL,250 EAST DUNLAP AVENUE,PHOENIX,AZ,85020,MARICOPA,6028706060,Acute Care Hospitals,Voluntary non-profit - Private,Yes,Pneumonia,PN-5C,Pneumonia Patients Given Initial Antibiotic(s) within 6 Hours After Arrival,90%,139 patients,AZ_PN-5C
50149,CALIFORNIA HOSPITAL MEDICAL CENTER LA,1401 SOUTH GRAND AVENUE,LOS ANGELES,CA,90015,LOS ANGELES,2137482411,Acute Care Hospitals,Voluntary non-profit - Other,Yes,Heart Attack,AMI-3,Heart Attack Patients Given ACE Inhibitor or ARB for Left Ventricular Systolic Dysfunction (LVSD),100%,14 patients,CA_AMI-3
40067,MAGNOLIA HOSPITAL,101 HOSPITAL DRIVE,MAGNOLIA,AR,71754,COLUMBIA,8702353000,Acute Care Hospitals,Government - Local,Yes,Surgical Infection Prevention,SCIP-INF-3,surgery patients whose preventive antibiotics were stopped at the right time (within 24 hours after surgery),100%,14 patients,AR_SCIP-INF-3
10168,SUMMIT HOSPITAL,4401 RIVER CHASE DRIVE,PHENIX CITY,AL,36867,RUSSELL,3347323456,Acute Care Hospitals,Government - State,Yes,Heart Failure,HF-3,Heart Failure Patients Given ACE Inhibitor or ARB for Left Ventricular Systolic Dysfunction (LVSD),100%,14 patients,AL_HF-3
30068,MT GRAHAM REGIONAL MEDICAL CENTER,1600  S 20TH AVENUE,SAFFORD,AZ,85546,GRAHAM,9283484000,Acute Care Hospitals,Government - Hospital District or Authority,No,Surgical Infection Prevention,SCIP-INF-6,surgery patients needing hair removed from the surgical area before surgery&#54; who had hair removed using a safer method (electric clippers or hair removal cream sC not a razor),97%,140 patients,AZ_SCIP-INF-6
40004,WASHINGTON REGIONAL MED CTR AT NO HILLS,3215 N NORTH HILLS BLVD,FAYETTEVILLE,AR,72703,WASHINGTON,4794635113,Acute Care Hospitals,Voluntary non-profit - Private,Yes,Pneumonia,PN-3B,Pneumonia Patients Whose Initial Emergency Room Blood Culture Was Performed Prior To The Administration Of The First Hospital Dose Of Antibiotics,91%,141 patients,AR_PN-3B
10038,STRINGFELLOW MEMORIAL HOSPITAL,301 EAST 18TH ST,ANNISTON,AL,36201,CALHOUN,2562358900,Acute Care Hospitals,Proprietary,Yes,Heart Failure,HF-1,Heart Failure Patients Given Discharge Instructions,87%,142 patients,AL_HF-1
40026,ST JOSEPHS MERCY HEALTH CENTER INC,300 WERNER STREET,HOT SPRINGS,AR,71903,GARLAND,5016221000,Acute Care Hospitals,Voluntary non-profit - Church,Yes,Heart Attack,AMI-5,Heart Attack Patients Given Beta Blocker at Discharge,99%,144 patients,AR_AMI-5
40007,ST VINCENT INFIRMARY MED CTR,TWO ST VINCENT CIRCLE,LITTLE ROCK,AR,72205,PULASKI,5015523000,Acute Care Hospitals,Voluntary non-profit - Church,Yes,Heart Attack,AMI-5,Heart Attack Patients Given Beta Blocker at Discharge,100%,145 patients,AR_AMI-5
50219,COAST PLAZA HOSPITAL,13100 STUDEBAKER RD,NORWALK,CA,90650,LOS ANGELES,5628683751,Acute Care Hospitals,Voluntary non-profit - Private,Yes,Pneumonia,PN-6,Pneumonia Patients Given the Most Appropriate Initial Antibiotic(s),85%,146 patients,CA_PN-6
30085,NORTHWEST MEDICAL CENTER,6200 NORTH LA CHOLLA BOULEVARD,TUCSON,AZ,85741,PIMA,5207429000,Acute Care Hospitals,Proprietary,Yes,Heart Attack,AMI-5,Heart Attack Patients Given Beta Blocker at Discharge,98%,147 patients,AZ_AMI-5
50234,SHARP CORONADO HOSPITAL AND HLTHCR CTR,250 PROSPECT PLACE,CORONADO,CA,92118,SAN DIEGO,6194356251,Acute Care Hospitals,Voluntary non-profit - Other,Yes,Surgical Infection Prevention,SCIP-CARD-2,surgery patients who were taking heart drugs called beta blockers before coming to the hospital&#54; who were kept on the beta blockers during the period just before and after their surgery,97%,148 patients,CA_SCIP-CARD-2
10019,HELEN KELLER MEMORIAL HOSPITAL,1300 SOUTH MONTGOMERY AVENUE,SHEFFIELD,AL,35660,JEFFERSON,2563864556,Acute Care Hospitals,Government - Hospital District or Authority,Yes,Pneumonia,PN-3B,Pneumonia Patients Whose Initial Emergency Room Blood Culture Was Performed Prior To The Administration Of The First Hospital Dose Of Antibiotics,99%,149 patients,AL_PN-3B
10066,FLORALA MEMORIAL HOSPITAL,24273 FIFTH AVENUE,FLORALA,AL,36442,COVINGTON,3348583287,Acute Care Hospitals,Government - Federal,Yes,Pneumonia,PN-4,Pneumonia Patients Given Smoking Cessation Advice/Counseling,100%,15 patients,AL_PN-4
30122,BANNER GATEWAY MEDICAL CENTER,1900 NORTH HIGLEY ROAD,GILBERT,AZ,85234,MARICOPA,4805432000,Acute Care Hospitals,Voluntary non-profit - Other,Yes,Heart Attack,AMI-1,Heart Attack Patients Given Aspirin at Arrival,93%,15 patients,AZ_AMI-1
04010F,VA CENTRAL AR. VETERANS HEALTHCARE SYSTEM LR,4300 WEST SEVENTH STREET,LITTLE ROCK,AR,72205,PULASKI,5012571000,Acute Care - VA Medical Center,Government Federal,No,Heart Attack,AMI-3,Heart Attack Patients Given ACE Inhibitor or ARB for Left Ventricular Systolic Dysfunction (LVSD),100%,15 patients,AR_AMI-3
10087,UNIV OF SOUTH ALABAMA MEDICAL CENTER,2451 FILLINGIM STREET,MOBILE,AL,36617,MOBILE,2514717110,Acute Care Hospitals,Government - State,Yes,Heart Failure,HF-2,Heart Failure Patients Given an Evaluation of Left Ventricular Systolic (LVS) Function,98%,150 patients,AL_HF-2
30012,YAVAPAI REGIONAL MEDICAL CENTER,1003 WILLOW CREEK ROAD,PRESCOTT,AZ,86301,YAVAPAI,9284452700,Acute Care Hospitals,Voluntary non-profit - Other,Yes,Heart Failure,HF-1,Heart Failure Patients Given Discharge Instructions,82%,151 patients,AZ_HF-1
10167,UAB HIGHLANDS,1201 11TH AVENUE SOUTH,BIRMINGHAM,AL,35205,JEFFERSON,2059757100,Acute Care Hospitals,Government - Hospital District or Authority,Yes,Surgical Infection Prevention,SCIP-INF-3,surgery patients whose preventive antibiotics were stopped at the right time (within 24 hours after surgery),96%,152 patients,AL_SCIP-INF-3
30001,MARYVALE HOSPITAL,5102 WEST CAMPBELL AVENUE,PHOENIX,AZ,85031,MARICOPA,6238485000,Acute Care Hospitals,Proprietary,Yes,Pneumonia,PN-3B,Pneumonia Patients Whose Initial Emergency Room Blood Culture Was Performed Prior To The Administration Of The First Hospital Dose Of Antibiotics,88%,153 patients,AZ_PN-3B
40071,JEFFERSON REGIONAL MEDICAL CENTER,1600 WEST 40TH AVENUE,PINE BLUFF,AR,71603,JEFFERSON,8705417100,Acute Care Hospitals,Voluntary non-profit - Other,Yes,Pneumonia,PN-6,Pneumonia Patients Given the Most Appropriate Initial Antibiotic(s),88%,154 patients,AR_PN-6
50125,REGIONAL MEDICAL CENTER OF SAN JOSE,225 N JACKSON AVENUE,SAN JOSE,CA,95116,SANTA CLARA,4082595000,Acute Care Hospitals,Voluntary non-profit - Church,Yes,Heart Attack,AMI-1,Heart Attack Patients Given Aspirin at Arrival,100%,155 patients,CA_AMI-1
20006,MAT-SU REGIONAL MEDICAL CENTER,2500 SOUTH WOODWORTH LOOP,PALMER,AK,99645,MATANUSKA SUSITNA,9077468600,Acute Care Hospitals,Voluntary non-profit - Private,Yes,Pneumonia,PN-5C,Pneumonia Patients Given Initial Antibiotic(s) within 6 Hours After Arrival,96%,156 patients,AK_PN-5C
30115,BANNER ESTRELLA MEDICAL CENTER,9201 WEST THOMAS ROAD,PHOENIX,AZ,85037,MARICOPA,6233274000,Acute Care Hospitals,Voluntary non-profit - Private,Yes,Surgical Infection Prevention,SCIP-VTE-1,surgery patients whose doctors ordered treatments to prevent blood clots after certain types of surgeries,91%,157 patients,AZ_SCIP-VTE-1
10005,MARSHALL MEDICAL CENTER SOUTH,2505 U S HIGHWAY 431 NORTH,BOAZ,AL,35957,MARSHALL,2565938310,Acute Care Hospitals,Government - Hospital District or Authority,Yes,Surgical Infection Prevention,SCIP-INF-3,surgery patients whose preventive antibiotics were stopped at the right time (within 24 hours after surgery),95%,158 patients,AL_SCIP-INF-3
50254,MARSHALL MEDICAL CENTER (1-RH),1100 MARSHALL WAY,PLACERVILLE,CA,95667,EL DORADO,5306221441,Acute Care Hospitals,Voluntary non-profit - Other,Yes,Heart Failure,HF-2,Heart Failure Patients Given an Evaluation of Left Ventricular Systolic (LVS) Function,99%,159 patients,CA_HF-2
31312,COPPER QUEEN COMMUNITY HOSPITAL,101 COLE AVENUE,BISBEE,AZ,85603,COCHISE,5204325383,Critical Access Hospitals,Voluntary non-profit - Other,No,Pneumonia,PN-3B,Pneumonia Patients Whose Initial Emergency Room Blood Culture Was Performed Prior To The Administration Of The First Hospital Dose Of Antibiotics,94%,16 patients,AZ_PN-3B
40015,MENA MEDICAL CENTER,311 NORTH MORROW STREET,MENA,AR,71953,POLK,4793946100,Acute Care Hospitals,Government - Local,Yes,Heart Attack,AMI-1,Heart Attack Patients Given Aspirin at Arrival,81%,16 patients,AR_AMI-1
41310,STONE COUNTY MEDICAL CENTER,HIGHWAY 14 EAST,MOUNTAIN VIEW,AR,72560,STONE,8702694361,Critical Access Hospitals,Voluntary non-profit - Other,Yes,Pneumonia,PN-4,Pneumonia Patients Given Smoking Cessation Advice/Counseling,100%,16 patients,AR_PN-4
40134,ARKANSAS HEART HOSPITAL,1701 S SHACKLEFORD RD,LITTLE ROCK,AR,72211,PULASKI,5012197000,Acute Care Hospitals,Proprietary,Yes,Surgical Infection Prevention,SCIP-CARD-2,surgery patients who were taking heart drugs called beta blockers before coming to the hospital&#54; who were kept on the beta blockers during the period just before and after their surgery,97%,160 patients,AR_SCIP-CARD-2
50054,SAN GORGONIO MEMORIAL HOSPITAL,600 NORTH HIGHLAND SPRINGS AVENUE,BANNING,CA,92220,RIVERSIDE,9517692101,Acute Care Hospitals,Government - Hospital District or Authority,Yes,Heart Failure,HF-2,Heart Failure Patients Given an Evaluation of Left Ventricular Systolic (LVS) Function,76%,161 patients,CA_HF-2
30006,TUCSON MEDICAL CENTER,5301 EAST GRANT ROAD,TUCSON,AZ,85712,PIMA,5203275461,Acute Care Hospitals,Voluntary non-profit - Private,Yes,Surgical Infection Prevention,SCIP-INF-4,all heart surgery patients whose blood sugar (blood glucose) is kept under good control in the days right after surgery,90%,162 patients,AZ_SCIP-INF-4
50055,CALIFORNIA PACIFIC MEDICAL CTR - ST. LUKE-S CAMPUS,3555 CESAR CHAVEZ STREET,SAN FRANCISCO,CA,94110,SAN FRANCISCO,4156416562,Acute Care Hospitals,Voluntary non-profit - Church,Yes,Heart Failure,HF-1,Heart Failure Patients Given Discharge Instructions,80%,163 patients,CA_HF-1
40010,MERCY MEDICAL CENTER,2710 RIFE MEDICAL LANE,ROGERS,AR,72758,BENTON,4793388000,Acute Care Hospitals,Voluntary non-profit - Church,Yes,Heart Attack,AMI-5,Heart Attack Patients Given Beta Blocker at Discharge,96%,165 patients,AR_AMI-5
50093,SAINT AGNES MEDICAL CENTER,1303 E HERNDON AVE,FRESNO,CA,93710,FRESNO,5594503000,Acute Care Hospitals,Voluntary non-profit - Church,Yes,Pneumonia,PN-6,Pneumonia Patients Given the Most Appropriate Initial Antibiotic(s),95%,166 patients,CA_PN-6
40004,WASHINGTON REGIONAL MED CTR AT NO HILLS,3215 N NORTH HILLS BLVD,FAYETTEVILLE,AR,72703,WASHINGTON,4794635113,Acute Care Hospitals,Voluntary non-profit - Private,Yes,Pneumonia,PN-5C,Pneumonia Patients Given Initial Antibiotic(s) within 6 Hours After Arrival,90%,167 patients,AR_PN-5C
20001,PROVIDENCE ALASKA MEDICAL CENTER,BOX 196604,ANCHORAGE,AK,99519,ANCHORAGE,9072613675,Acute Care Hospitals,Voluntary non-profit - Private,No,Pneumonia,PN-6,Pneumonia Patients Given the Most Appropriate Initial Antibiotic(s),93%,168 patients,AK_PN-6
50009,QUEEN OF THE VALLEY MEDICAL CENTER,1000 TRANCAS ST,NAPA,CA,94558,NAPA,7072524411,Acute Care Hospitals,Voluntary non-profit - Church,Yes,Pneumonia,PN-2,Pneumonia Patients Assessed and Given Pneumococcal Vaccination,99%,169 patients,CA_PN-2
10126,TROY REGIONAL MEDICAL CENTER,1330 HIGHWAY 231 SOUTH,TROY,AL,36081,PIKE,3346705000,Acute Care Hospitals,Proprietary,No,Surgical Infection Prevention,SCIP-VTE-1,surgery patients whose doctors ordered treatments to prevent blood clots after certain types of surgeries,59%,17 patients,AL_SCIP-VTE-1
31302,NORTHERN COCHISE COMMUNITY HOSPITAL,901 WEST REX ALLEN DRIVE,WILLCOX,AZ,85643,COCHISE,5203843541,Critical Access Hospitals,Government - Hospital District or Authority,Yes,Pneumonia,PN-3B,Pneumonia Patients Whose Initial Emergency Room Blood Culture Was Performed Prior To The Administration Of The First Hospital Dose Of Antibiotics,82%,17 patients,AZ_PN-3B
41328,CHICOT MEMORIAL HOSPITAL,2729 HIGHWAY 65 & 82 SOUTH,LAKE VILLAGE,AR,71653,CHICOT,8702655351,Critical Access Hospitals,Government - Local,Yes,Surgical Infection Prevention,SCIP-VTE-1,surgery patients whose doctors ordered treatments to prevent blood clots after certain types of surgeries,88%,17 patients,AR_SCIP-VTE-1
30016,CASA GRANDE REGIONAL MEDICAL CENTER,1800 EAST FLORENCE BOULEVARD,CASA GRANDE,AZ,85222,PINAL,5203816453,Acute Care Hospitals,Voluntary non-profit - Other,Yes,Surgical Infection Prevention,SCIP-VTE-1,surgery patients whose doctors ordered treatments to prevent blood clots after certain types of surgeries,66%,171 patients,AZ_SCIP-VTE-1
50116,NORTHRIDGE HOSPITAL MEDICAL CENTER,18300 ROSCOE BLVD,NORTHRIDGE,CA,91325,LOS ANGELES,8188858500,Acute Care Hospitals,Voluntary non-profit - Other,Yes,Heart Attack,AMI-5,Heart Attack Patients Given Beta Blocker at Discharge,100%,172 patients,CA_AMI-5
10085,DECATUR GENERAL HOSPITAL,1201 7TH STREET SE,DECATUR,AL,35609,MORGAN,2563412000,Acute Care Hospitals,Government - Hospital District or Authority,Yes,Pneumonia,PN-6,Pneumonia Patients Given the Most Appropriate Initial Antibiotic(s),85%,173 patients,AL_PN-6
50261,SIERRA VIEW DISTRICT HOSPITAL,465 W PUTNAM AVE,PORTERVILLE,CA,93257,TULARE,5597841110,Acute Care Hospitals,Government - Hospital District or Authority,Yes,Heart Failure,HF-2,Heart Failure Patients Given an Evaluation of Left Ventricular Systolic (LVS) Function,91%,174 patients,CA_HF-2
10103,PRINCETON BAPTIST MEDICAL CENTER,701 PRINCETON AVENUE SOUTHWEST,BIRMINGHAM,AL,35211,JEFFERSON,2057833800,Acute Care Hospitals,Voluntary non-profit - Church,Yes,Surgical Infection Prevention,SCIP-VTE-1,surgery patients whose doctors ordered treatments to prevent blood clots after certain types of surgeries,94%,177 patients,AL_SCIP-VTE-1
50167,SAN JOAQUIN GENERAL HOSPITAL,500 W HOSPITAL ROAD,FRENCH CAMP,CA,95231,SAN JOAQUIN,2094686000,Acute Care Hospitals,Government - Local,Yes,Heart Failure,HF-1,Heart Failure Patients Given Discharge Instructions,74%,178 patients,CA_HF-1
50063,HOLLYWOOD PRESBYTERIAN MEDICAL CENTER,1300 N VERMONT AVE,LOS ANGELES,CA,90028,LOS ANGELES,2134133000,Acute Care Hospitals,Proprietary,Yes,Surgical Infection Prevention,SCIP-INF-3,surgery patients whose preventive antibiotics were stopped at the right time (within 24 hours after surgery),84%,179 patients,CA_SCIP-INF-3
50230,GARDEN GROVE HOSPITAL & MEDICAL CENTER,12601 GARDEN GROVE BLVD,GARDEN GROVE,CA,92843,ORANGE,7145375160,Acute Care Hospitals,Proprietary,Yes,Pneumonia,PN-4,Pneumonia Patients Given Smoking Cessation Advice/Counseling,100%,18 patients,CA_PN-4
30094,ARROWHEAD HOSPITAL,18701 NORTH 67TH AVENUE,GLENDALE,AZ,85308,MARICOPA,6235611000,Acute Care Hospitals,Proprietary,Yes,Heart Attack,AMI-3,Heart Attack Patients Given ACE Inhibitor or ARB for Left Ventricular Systolic Dysfunction (LVSD),100%,18 patients,AZ_AMI-3
50158,ENCINO HOSPITAL MEDICAL CENTER,16237 VENTURA BLVD,ENCINO,CA,91436,LOS ANGELES,8189955000,Acute Care Hospitals,Proprietary,Yes,Surgical Infection Prevention,SCIP-INF-3,surgery patients whose preventive antibiotics were stopped at the right time (within 24 hours after surgery),100%,18 patients,CA_SCIP-INF-3
50174,SANTA ROSA MEMORIAL HOSPITAL,1165 MONTGOMERY DR,SANTA ROSA,CA,95405,SONOMA,7075255300,Acute Care Hospitals,Voluntary non-profit - Private,Yes,Surgical Infection Prevention,SCIP-VTE-2,patients who got treatment  at the right time (within 24 hours before or after their surgery) to help prevent blood clots after certain types of surgery,98%,180 patients,CA_SCIP-VTE-2
30110,WEST VALLEY HOSPITAL,13677 WEST MCDOWELL ROAD,GOODYEAR,AZ,85338,MARICOPA,6238821500,Acute Care Hospitals,Government - State,Yes,Surgical Infection Prevention,SCIP-VTE-1,surgery patients whose doctors ordered treatments to prevent blood clots after certain types of surgeries,85%,181 patients,AZ_SCIP-VTE-1
30110,WEST VALLEY HOSPITAL,13677 WEST MCDOWELL ROAD,GOODYEAR,AZ,85338,MARICOPA,6238821500,Acute Care Hospitals,Government - State,Yes,Heart Attack,AMI-5,Heart Attack Patients Given Beta Blocker at Discharge,99%,184 patients,AZ_AMI-5
30010,CARONDELET ST  MARYS HOSPITAL,1601 WEST ST MARY-S ROAD,TUCSON,AZ,85745,PIMA,5208723000,Acute Care Hospitals,Proprietary,Yes,Surgical Infection Prevention,SCIP-INF-3,surgery patients whose preventive antibiotics were stopped at the right time (within 24 hours after surgery),87%,185 patients,AZ_SCIP-INF-3
50152,SAINT FRANCIS MEMORIAL HOSPITAL,900 HYDE ST,SAN FRANCISCO,CA,94109,SAN FRANCISCO,4157754321,Acute Care Hospitals,Voluntary non-profit - Private,Yes,Surgical Infection Prevention,SCIP-INF-2,surgery patients who were given the  right kind  of antibiotic to help prevent infection,97%,186 patients,CA_SCIP-INF-2
10040,GADSDEN REGIONAL MEDICAL CENTER,1007 GOODYEAR AVENUE,GADSDEN,AL,35903,ETOWAH,2564944000,Acute Care Hospitals,Proprietary,Yes,Pneumonia,PN-7,Pneumonia Patients Assessed and Given Influenza Vaccination,96%,187 patients,AL_PN-7
30110,WEST VALLEY HOSPITAL,13677 WEST MCDOWELL ROAD,GOODYEAR,AZ,85338,MARICOPA,6238821500,Acute Care Hospitals,Government - State,Yes,Heart Attack,AMI-1,Heart Attack Patients Given Aspirin at Arrival,100%,189 patients,AZ_AMI-1
20012,FAIRBANKS MEMORIAL HOSPITAL,1650 COWLES STREET,FAIRBANKS,AK,99701,FAIRBANKS NORTH STAR,9074528181,Acute Care Hospitals,Voluntary non-profit - Other,Yes,Heart Failure,HF-4,Heart Failure Patients Given Smoking Cessation Advice/Counseling,100%,19 patients,AK_HF-4
50261,SIERRA VIEW DISTRICT HOSPITAL,465 W PUTNAM AVE,PORTERVILLE,CA,93257,TULARE,5597841110,Acute Care Hospitals,Government - Hospital District or Authority,Yes,Surgical Infection Prevention,SCIP-CARD-2,surgery patients who were taking heart drugs called beta blockers before coming to the hospital&#54; who were kept on the beta blockers during the period just before and after their surgery,95%,19 patients,CA_SCIP-CARD-2
30037,ST LUKES MEDICAL CENTER,1800 EAST VAN BUREN STREET,PHOENIX,AZ,85006,MARICOPA,6022518156,Acute Care Hospitals,Proprietary,No,Heart Attack,AMI-3,Heart Attack Patients Given ACE Inhibitor or ARB for Left Ventricular Systolic Dysfunction (LVSD),89%,19 patients,AZ_AMI-3
50127,WOODLAND MEMORIAL HOSPITAL,1325 COTTONWOOD STREET,WOODLAND,CA,95695,YOLO,5306623961,Acute Care Hospitals,Voluntary non-profit - Other,Yes,Surgical Infection Prevention,SCIP-INF-2,surgery patients who were given the  right kind  of antibiotic to help prevent infection,97%,190 patients,CA_SCIP-INF-2
50112,SANTA MONICA - UCLA MED CTR & ORTHOPAEDIC HOSPITAL,1250 16TH STREET,SANTA MONICA,CA,90404,LOS ANGELES,3103194000,Acute Care Hospitals,Government - State,Yes,Surgical Infection Prevention,SCIP-INF-1,surgery patients who were given an antibiotic at the right time (within one hour before surgery) to help prevent infection,96%,191 patients,CA_SCIP-INF-1
50104,SAINT FRANCIS MEDICAL CENTER,3630 EAST IMPERIAL HIGHWAY,LYNWOOD,CA,90262,LOS ANGELES,3109008900,Acute Care Hospitals,Voluntary non-profit - Church,Yes,Pneumonia,PN-5C,Pneumonia Patients Given Initial Antibiotic(s) within 6 Hours After Arrival,88%,193 patients,CA_PN-5C
50079,DOCTORS MEDICAL CENTER-SAN PABLO,2000 VALE RD,SAN PABLO,CA,94806,CONTRA COSTA,5109705000,Acute Care Hospitals,Government - Hospital District or Authority,Yes,Pneumonia,PN-3B,Pneumonia Patients Whose Initial Emergency Room Blood Culture Was Performed Prior To The Administration Of The First Hospital Dose Of Antibiotics,89%,195 patients,CA_PN-3B
30112,ARIZONA ORTHOPEDIC SURGICAL HOSPITAL,2905 WEST WARNER ROAD,CHANDLER,AZ,85225,MARICOPA,4806039000,Acute Care Hospitals,Proprietary,No,Surgical Infection Prevention,SCIP-INF-1,surgery patients who were given an antibiotic at the right time (within one hour before surgery) to help prevent infection,94%,196 patients,AZ_SCIP-INF-1
50231,POMONA VALLEY HOSPITAL MEDICAL CENTER,1798 N GAREY AVE,POMONA,CA,91767,LOS ANGELES,9098659500,Acute Care Hospitals,Voluntary non-profit - Other,Yes,Pneumonia,PN-2,Pneumonia Patients Assessed and Given Pneumococcal Vaccination,92%,197 patients,CA_PN-2
50192,SIERRA KINGS DISTRICT HOSPITAL,372 W CYPRESS AVE,REEDLEY,CA,93654,FRESNO,5596388155,Acute Care Hospitals,Government - Hospital District or Authority,Yes,Surgical Infection Prevention,SCIP-CARD-2,surgery patients who were taking heart drugs called beta blockers before coming to the hospital&#54; who were kept on the beta blockers during the period just before and after their surgery,0%,2 patients,CA_SCIP-CARD-2
50264,SAN LEANDRO HOSPITAL,13855 E 14TH STREET,SAN LEANDRO,CA,94578,ALAMEDA,5106674510,Acute Care Hospitals,Proprietary,Yes,Heart Attack,AMI-3,Heart Attack Patients Given ACE Inhibitor or ARB for Left Ventricular Systolic Dysfunction (LVSD),100%,2 patients,CA_AMI-3
10047,GEORGIANA HOSPITAL,515 MIRANDA ST,GEORGIANA,AL,36033,BUTLER,3343762205,Acute Care Hospitals,Voluntary non-profit - Private,No,Pneumonia,PN-3B,Pneumonia Patients Whose Initial Emergency Room Blood Culture Was Performed Prior To The Administration Of The First Hospital Dose Of Antibiotics,50%,2 patients,AL_PN-3B
10126,TROY REGIONAL MEDICAL CENTER,1330 HIGHWAY 231 SOUTH,TROY,AL,36081,PIKE,3346705000,Acute Care Hospitals,Proprietary,No,Heart Attack,AMI-2,Heart Attack Patients Given Aspirin at Discharge,0%,2 patients,AL_AMI-2
41324,ST ANTHONY-S HEALTHCARE CENTER,#4 HOSPITAL DRIVE,MORRILTON,AR,72110,CONWAY,5019772300,Critical Access Hospitals,Voluntary non-profit - Church,Yes,Surgical Infection Prevention,SCIP-INF-3,surgery patients whose preventive antibiotics were stopped at the right time (within 24 hours after surgery),100%,2 patients,AR_SCIP-INF-3
10025,G H LANIER MEMORIAL HOSPITAL,4800 48TH ST,VALLEY,AL,36854,CHAMBERS,3347561400,Acute Care Hospitals,Voluntary non-profit - Other,Yes,Heart Attack,AMI-7A,Heart Attack Patients Given Fibrinolytic Medication Within 30 Minutes Of Arrival,0%,2 patients,AL_AMI-7A
41326,DELTA MEMORIAL HOSPITAL,300 EAST PICKENS,DUMAS,AR,71639,DESHA,8703824303,Critical Access Hospitals,Voluntary non-profit - Private,Yes,Surgical Infection Prevention,SCIP-VTE-1,surgery patients whose doctors ordered treatments to prevent blood clots after certain types of surgeries,50%,2 patients,AR_SCIP-VTE-1
50478,SANTA YNEZ VALLEY COTTAGE HOSPITAL,2050 VIBORG RD,SOLVANG,CA,93463,SANTA BARBARA,8056886431,Acute Care Hospitals,Voluntary non-profit - Private,No,Heart Failure,HF-3,Heart Failure Patients Given ACE Inhibitor or ARB for Left Ventricular Systolic Dysfunction (LVSD),100%,2 patients,CA_HF-3
50478,SANTA YNEZ VALLEY COTTAGE HOSPITAL,2050 VIBORG RD,SOLVANG,CA,93463,SANTA BARBARA,8056886431,Acute Care Hospitals,Voluntary non-profit - Private,No,Pneumonia,PN-4,Pneumonia Patients Given Smoking Cessation Advice/Counseling,100%,2 patients,CA_PN-4
10148,EVERGREEN MEDICAL CENTER,101 CRESTVIEW AVENUE,EVERGREEN,AL,36401,CONECUH,2515782480,Acute Care Hospitals,Proprietary,No,Heart Failure,HF-3,Heart Failure Patients Given ACE Inhibitor or ARB for Left Ventricular Systolic Dysfunction (LVSD),90%,20 patients,AL_HF-3
50205,EAST VALLEY HOSPITAL MEDICAL CENTER,150 WEST ROUTE 66,GLENDORA,CA,91740,LOS ANGELES,6263350231,Acute Care Hospitals,Voluntary non-profit - Private,Yes,Heart Attack,AMI-2,Heart Attack Patients Given Aspirin at Discharge,90%,20 patients,CA_AMI-2
50159,VENTURA COUNTY MEDICAL CENTER,3291 LOMA VISTA RD,VENTURA,CA,93003,VENTURA,8056526075,Acute Care Hospitals,Government - Local,Yes,Surgical Infection Prevention,SCIP-INF-1,surgery patients who were given an antibiotic at the right time (within one hour before surgery) to help prevent infection,92%,201 patients,CA_SCIP-INF-1
50069,ST JOSEPH HOSPITAL,1100 W STEWART DR,ORANGE,CA,92868,ORANGE,7146339111,Acute Care Hospitals,Voluntary non-profit - Church,Yes,Heart Attack,AMI-1,Heart Attack Patients Given Aspirin at Arrival,98%,204 patients,CA_AMI-1
50125,REGIONAL MEDICAL CENTER OF SAN JOSE,225 N JACKSON AVENUE,SAN JOSE,CA,95116,SANTA CLARA,4082595000,Acute Care Hospitals,Voluntary non-profit - Church,Yes,Surgical Infection Prevention,SCIP-VTE-2,patients who got treatment  at the right time (within 24 hours before or after their surgery) to help prevent blood clots after certain types of surgery,99%,205 patients,CA_SCIP-VTE-2
50056,ANTELOPE VALLEY HOSPITAL MED CENTER,1600 W AVE J,LANCASTER,CA,93534,LOS ANGELES,6619495501,Acute Care Hospitals,Government - Hospital District or Authority,Yes,Pneumonia,PN-7,Pneumonia Patients Assessed and Given Influenza Vaccination,91%,207 patients,CA_PN-7
10029,EAST ALABAMA MEDICAL CENTER AND SNF,2000 PEPPERELL PARKWAY,OPELIKA,AL,36801,LEE,3347493411,Acute Care Hospitals,Government - Hospital District or Authority,Yes,Surgical Infection Prevention,SCIP-CARD-2,surgery patients who were taking heart drugs called beta blockers before coming to the hospital&#54; who were kept on the beta blockers during the period just before and after their surgery,98%,208 patients,AL_SCIP-CARD-2
30011,CARONDELET ST JOSEPHS HOSPITAL,350 NORTH WILMOT ROAD,TUCSON,AZ,85711,PIMA,5208733000,Acute Care Hospitals,Voluntary non-profit - Church,Yes,Heart Attack,AMI-2,Heart Attack Patients Given Aspirin at Discharge,97%,209 patients,AZ_AMI-2
50046,OJAI VALLEY COMMUNITY HOSPITAL,1306 MARICOPA HWY,OJAI,CA,93023,VENTURA,8056402280,Acute Care Hospitals,Proprietary,Yes,Surgical Infection Prevention,SCIP-VTE-1,surgery patients whose doctors ordered treatments to prevent blood clots after certain types of surgeries,76%,21 patients,CA_SCIP-VTE-1
10052,LAKE MARTIN COMMUNITY HOSPITAL,201 MARIARDEN ROAD,DADEVILLE,AL,36853,TALLAPOOSA,2568257821,Acute Care Hospitals,Government - Federal,Yes,Pneumonia,PN-7,Pneumonia Patients Assessed and Given Influenza Vaccination,29%,21 patients,AL_PN-7
31300,WICKENBURG COMMUNITY HOSPITAL,520 ROSE LANE,WICKENBURG,AZ,85390,MARICOPA,9286845421,Critical Access Hospitals,Voluntary non-profit - Private,No,Pneumonia,PN-7,Pneumonia Patients Assessed and Given Influenza Vaccination,33%,21 patients,AZ_PN-7
50225,FEATHER RIVER HOSPITAL,5974 PENTZ ROAD,PARADISE,CA,95969,BUTTE,5308779361,Acute Care Hospitals,Voluntary non-profit - Private,Yes,Surgical Infection Prevention,SCIP-INF-3,surgery patients whose preventive antibiotics were stopped at the right time (within 24 hours after surgery),95%,210 patients,CA_SCIP-INF-3
40036,BAPTIST HEALTH MEDICAL CENTER NORTH LITTLE ROCK,3333 SPRINGHILL DRIVE,NORTH LITTLE ROCK,AR,72117,PULASKI,5012023000,Acute Care Hospitals,Voluntary non-profit - Other,Yes,Pneumonia,PN-5C,Pneumonia Patients Given Initial Antibiotic(s) within 6 Hours After Arrival,95%,211 patients,AR_PN-5C
50239,GLENDALE ADVENTIST MEDICAL CENTER,1509 E WILSON TERRACE,GLENDALE,CA,91206,LOS ANGELES,8184098202,Acute Care Hospitals,Voluntary non-profit - Church,Yes,Pneumonia,PN-7,Pneumonia Patients Assessed and Given Influenza Vaccination,90%,214 patients,CA_PN-7
50101,SUTTER SOLANO MEDICAL CENTER,300 HOSPITAL DR,VALLEJO,CA,94589,SOLANO,7075545280,Acute Care Hospitals,Voluntary non-profit - Other,Yes,Surgical Infection Prevention,SCIP-INF-1,surgery patients who were given an antibiotic at the right time (within one hour before surgery) to help prevent infection,97%,217 patients,CA_SCIP-INF-1
10073,CLAY COUNTY HOSPITAL,83825 HIGHWAY 9    P O BOX 1270,ASHLAND,AL,36251,CLAY,2563542131,Acute Care Hospitals,Voluntary non-profit - Other,No,Pneumonia,PN-3B,Pneumonia Patients Whose Initial Emergency Room Blood Culture Was Performed Prior To The Administration Of The First Hospital Dose Of Antibiotics,86%,22 patients,AL_PN-3B
10148,EVERGREEN MEDICAL CENTER,101 CRESTVIEW AVENUE,EVERGREEN,AL,36401,CONECUH,2515782480,Acute Care Hospitals,Proprietary,No,Pneumonia,PN-6,Pneumonia Patients Given the Most Appropriate Initial Antibiotic(s),91%,22 patients,AL_PN-6
40007,ST VINCENT INFIRMARY MED CTR,TWO ST VINCENT CIRCLE,LITTLE ROCK,AR,72205,PULASKI,5015523000,Acute Care Hospitals,Voluntary non-profit - Church,Yes,Heart Failure,HF-3,Heart Failure Patients Given ACE Inhibitor or ARB for Left Ventricular Systolic Dysfunction (LVSD),99%,221 patients,AR_HF-3
30089,BANNER THUNDERBIRD MEDICAL CENTER,5555 WEST THUNDERBIRD ROAD,GLENDALE,AZ,85306,MARICOPA,6028655555,Acute Care Hospitals,Government - Hospital District or Authority,Yes,Heart Attack,AMI-2,Heart Attack Patients Given Aspirin at Discharge,99%,225 patients,AZ_AMI-2
50072,KAISER FOUNDATION HOSPITAL - WALNUT CREEK,1425 S MAIN ST,WALNUT CREEK,CA,94596,CONTRA COSTA,9252954000,Acute Care Hospitals,Voluntary non-profit - Other,Yes,Heart Failure,HF-2,Heart Failure Patients Given an Evaluation of Left Ventricular Systolic (LVS) Function,100%,227 patients,CA_HF-2
31314,COBRE VALLEY COMMUNITY HOSPITAL,5880 SOUTH HOSPITAL DRIVE,GLOBE,AZ,85501,GILA,9284253261,Critical Access Hospitals,Proprietary,Yes,Surgical Infection Prevention,SCIP-INF-3,surgery patients whose preventive antibiotics were stopped at the right time (within 24 hours after surgery),96%,23 patients,AZ_SCIP-INF-3
31314,COBRE VALLEY COMMUNITY HOSPITAL,5880 SOUTH HOSPITAL DRIVE,GLOBE,AZ,85501,GILA,9284253261,Critical Access Hospitals,Proprietary,Yes,Surgical Infection Prevention,SCIP-INF-3,surgery patients whose preventive antibiotics were stopped at the right time (within 24 hours after surgery),96%,23 patients,AZ_SCIP-INF-3
10148,EVERGREEN MEDICAL CENTER,101 CRESTVIEW AVENUE,EVERGREEN,AL,36401,CONECUH,2515782480,Acute Care Hospitals,Proprietary,No,Pneumonia,PN-2,Pneumonia Patients Assessed and Given Pneumococcal Vaccination,70%,23 patients,AL_PN-2
30011,CARONDELET ST JOSEPHS HOSPITAL,350 NORTH WILMOT ROAD,TUCSON,AZ,85711,PIMA,5208733000,Acute Care Hospitals,Voluntary non-profit - Church,Yes,Surgical Infection Prevention,SCIP-VTE-1,surgery patients whose doctors ordered treatments to prevent blood clots after certain types of surgeries,89%,231 patients,AZ_SCIP-VTE-1
30103,MAYO CLINIC HOSPITAL,5777 EAST MAYO BOULEVARD,PHOENIX,AZ,85054,MARICOPA,4805156296,Acute Care Hospitals,Voluntary non-profit - Private,Yes,Pneumonia,PN-2,Pneumonia Patients Assessed and Given Pneumococcal Vaccination,88%,232 patients,AZ_PN-2
50058,GLENDALE MEM HOSPITAL & HLTH CENTER,1420 S CENTRAL AVE,GLENDALE,CA,91204,LOS ANGELES,8185021900,Acute Care Hospitals,Voluntary non-profit - Private,Yes,Heart Attack,AMI-1,Heart Attack Patients Given Aspirin at Arrival,100%,233 patients,CA_AMI-1
40047,FIVE RIVERS MEDICAL CENTER,2801 MEDICAL CENTER DRIVE,POCAHONTAS,AR,72455,RANDOLPH,8708926000,Acute Care Hospitals,Proprietary,Yes,Pneumonia,PN-4,Pneumonia Patients Given Smoking Cessation Advice/Counseling,100%,24 patients,AR_PN-4
04009F,FAYETTEVILLE AR VA MEDICAL CENTER,1100 N. COLLEGE AVENUE,FAYETTEVILLE,AR,72703,WASHINGTON,4794445058,Acute Care - VA Medical Center,Government Federal,No,Surgical Infection Prevention,SCIP-VTE-2,patients who got treatment  at the right time (within 24 hours before or after their surgery) to help prevent blood clots after certain types of surgery,96%,24 patients,AR_SCIP-VTE-2
01014F,BIRMINGHAM VA MEDICAL CENTER,700 SOUTH 19TH STREET,BIRMINGHAM,AL,35233,JEFFERSON,2059334515,Acute Care - VA Medical Center,Government Federal,No,Heart Attack,AMI-4,Heart Attack Patients Given Smoking Cessation Advice/Counseling,100%,24 patients,AL_AMI-4
50077,SCRIPPS MERCY HOSPITAL,4077 5TH AVE,SAN DIEGO,CA,92103,SAN DIEGO,6192948111,Acute Care Hospitals,Voluntary non-profit - Other,Yes,Heart Failure,HF-3,Heart Failure Patients Given ACE Inhibitor or ARB for Left Ventricular Systolic Dysfunction (LVSD),97%,242 patients,CA_HF-3
50024,PARADISE VALLEY HOSPITAL,2400 EAST FOURTH STREET,NATIONAL CITY,CA,91950,SAN DIEGO,6194704321,Acute Care Hospitals,Voluntary non-profit - Church,Yes,Pneumonia,PN-5C,Pneumonia Patients Given Initial Antibiotic(s) within 6 Hours After Arrival,91%,244 patients,CA_PN-5C
50058,GLENDALE MEM HOSPITAL & HLTH CENTER,1420 S CENTRAL AVE,GLENDALE,CA,91204,LOS ANGELES,8185021900,Acute Care Hospitals,Voluntary non-profit - Private,Yes,Heart Attack,AMI-2,Heart Attack Patients Given Aspirin at Discharge,100%,248 patients,CA_AMI-2
10152,INFIRMARY WEST,5600 GIRBY RD,MOBILE,AL,36693,MOBILE,2516605236,Acute Care Hospitals,Government - State,No,Heart Failure,HF-3,Heart Failure Patients Given ACE Inhibitor or ARB for Left Ventricular Systolic Dysfunction (LVSD),88%,25 patients,AL_HF-3
50047,CALIFORNIA PACIFIC MEDICAL CTR-PACIFIC CAMPUS HOSP,2333 BUCHANAN STREET,SAN FRANCISCO,CA,94115,SAN FRANCISCO,4156006000,Acute Care Hospitals,Voluntary non-profit - Private,Yes,Children&#8217;s Asthma Care,CAC-1,Children Who Received Reliever Medication While Hospitalized for Asthma,100%,25 patients,CA_CAC-1
30118,YAVAPAI REGIONAL MEDICAL CENTER-EAST,7700 EAST FLORENTINE ROAD,PRESCOTT VALLEY,AZ,86314,YAVAPAI,9284428165,Acute Care Hospitals,Voluntary non-profit - Private,Yes,Surgical Infection Prevention,SCIP-CARD-2,surgery patients who were taking heart drugs called beta blockers before coming to the hospital&#54; who were kept on the beta blockers during the period just before and after their surgery,92%,25 patients,AZ_SCIP-CARD-2
40055,SPARKS REGIONAL MEDICAL CENTER,1311 SOUTH I STREET,FORT SMITH,AR,72901,SEBASTIAN,5014414000,Acute Care Hospitals,Voluntary non-profit - Private,Yes,Surgical Infection Prevention,SCIP-VTE-2,patients who got treatment  at the right time (within 24 hours before or after their surgery) to help prevent blood clots after certain types of surgery,98%,251 patients,AR_SCIP-VTE-2
50179,EMANUEL MEDICAL CENTER INC,825 DELBON AVE,TURLOCK,CA,95382,STANISLAUS,2096674200,Acute Care Hospitals,Voluntary non-profit - Church,Yes,Pneumonia,PN-3B,Pneumonia Patients Whose Initial Emergency Room Blood Culture Was Performed Prior To The Administration Of The First Hospital Dose Of Antibiotics,88%,256 patients,CA_PN-3B
10128,JACKSON MEDICAL CENTER,220 HOSPITAL DRIVE,JACKSON,AL,36545,CLARKE,2512469021,Acute Care Hospitals,Proprietary,Yes,Pneumonia,PN-3B,Pneumonia Patients Whose Initial Emergency Room Blood Culture Was Performed Prior To The Administration Of The First Hospital Dose Of Antibiotics,88%,26 patients,AL_PN-3B
50067,OAK VALLEY DISTRICT HOSPITAL,350 S OAK AVE,OAKDALE,CA,95361,STANISLAUS,2098473011,Acute Care Hospitals,Government - Hospital District or Authority,Yes,Surgical Infection Prevention,SCIP-INF-3,surgery patients whose preventive antibiotics were stopped at the right time (within 24 hours after surgery),96%,26 patients,CA_SCIP-INF-3
40004,WASHINGTON REGIONAL MED CTR AT NO HILLS,3215 N NORTH HILLS BLVD,FAYETTEVILLE,AR,72703,WASHINGTON,4794635113,Acute Care Hospitals,Voluntary non-profit - Private,Yes,Heart Failure,HF-2,Heart Failure Patients Given an Evaluation of Left Ventricular Systolic (LVS) Function,100%,263 patients,AR_HF-2
50014,SUTTER AMADOR HOSPITAL,200 MISSION BLVD,JACKSON,CA,95642,AMADOR,2092237500,Acute Care Hospitals,Government - Local,Yes,Pneumonia,PN-4,Pneumonia Patients Given Smoking Cessation Advice/Counseling,96%,27 patients,CA_PN-4
10158,RUSSELLVILLE HOSPITAL,15155 HIGHWAY 43,RUSSELLVILLE,AL,35653,FRANKLIN,2563321611,Acute Care Hospitals,Proprietary,Yes,Heart Failure,HF-4,Heart Failure Patients Given Smoking Cessation Advice/Counseling,100%,27 patients,AL_HF-4
40055,SPARKS REGIONAL MEDICAL CENTER,1311 SOUTH I STREET,FORT SMITH,AR,72901,SEBASTIAN,5014414000,Acute Care Hospitals,Voluntary non-profit - Private,Yes,Children&#8217;s Asthma Care,CAC-3,Children and their Caregivers Who Received a Home Management Plan of Care Document While Hospitalized for Asthma,96%,28 patients,AR_CAC-3
10007,MIZELL MEMORIAL HOSPITAL,702 N MAIN ST,OPP,AL,36467,COVINGTON,3344933541,Acute Care Hospitals,Voluntary non-profit - Private,No,Pneumonia,PN-4,Pneumonia Patients Given Smoking Cessation Advice/Counseling,100%,28 patients,AL_PN-4
30121,MOUNTAIN VISTA MEDICAL CENTER; LP,1301 SOUTH CRISMON ROAD,MESA,AZ,85209,MARICOPA,4803586100,Acute Care Hospitals,Proprietary,Yes,Heart Attack,AMI-3,Heart Attack Patients Given ACE Inhibitor or ARB for Left Ventricular Systolic Dysfunction (LVSD),96%,28 patients,AZ_AMI-3
50079,DOCTORS MEDICAL CENTER-SAN PABLO,2000 VALE RD,SAN PABLO,CA,94806,CONTRA COSTA,5109705000,Acute Care Hospitals,Government - Hospital District or Authority,Yes,Heart Attack,AMI-8A,Heart Attack Patients Given PCI Within 90 Minutes Of Arrival,86%,29 patients,CA_AMI-8A
50072,KAISER FOUNDATION HOSPITAL - WALNUT CREEK,1425 S MAIN ST,WALNUT CREEK,CA,94596,CONTRA COSTA,9252954000,Acute Care Hospitals,Voluntary non-profit - Other,Yes,Heart Attack,AMI-8A,Heart Attack Patients Given PCI Within 90 Minutes Of Arrival,93%,29 patients,CA_AMI-8A
40004,WASHINGTON REGIONAL MED CTR AT NO HILLS,3215 N NORTH HILLS BLVD,FAYETTEVILLE,AR,72703,WASHINGTON,4794635113,Acute Care Hospitals,Voluntary non-profit - Private,Yes,Heart Attack,AMI-5,Heart Attack Patients Given Beta Blocker at Discharge,97%,293 patients,AR_AMI-5
10112,BRYAN W WHITFIELD MEM HOSP INC,105 HIGHWAY 80 EAST,DEMOPOLIS,AL,36732,MARENGO,3342894000,Acute Care Hospitals,Government - Hospital District or Authority,Yes,Heart Failure,HF-3,Heart Failure Patients Given ACE Inhibitor or ARB for Left Ventricular Systolic Dysfunction (LVSD),100%,3 patients,AL_HF-3
50111,TEMPLE COMMUNITY HOSPITAL,235 N HOOVER ST,LOS ANGELES,CA,90004,LOS ANGELES,2133827252,Acute Care Hospitals,Proprietary,No,Surgical Infection Prevention,SCIP-INF-3,surgery patients whose preventive antibiotics were stopped at the right time (within 24 hours after surgery),0%,3 patients,CA_SCIP-INF-3
31312,COPPER QUEEN COMMUNITY HOSPITAL,101 COLE AVENUE,BISBEE,AZ,85603,COCHISE,5204325383,Critical Access Hospitals,Voluntary non-profit - Other,No,Heart Failure,HF-1,Heart Failure Patients Given Discharge Instructions,33%,3 patients,AZ_HF-1
10034,COMMUNITY HOSPITAL INC,805 FRIENDSHIP ROAD,TALLASSEE,AL,36078,ELMORE,3342836541,Acute Care Hospitals,Voluntary non-profit - Private,No,Surgical Infection Prevention,SCIP-CARD-2,surgery patients who were taking heart drugs called beta blockers before coming to the hospital&#54; who were kept on the beta blockers during the period just before and after their surgery,100%,3 patients,AL_SCIP-CARD-2
30068,MT GRAHAM REGIONAL MEDICAL CENTER,1600  S 20TH AVENUE,SAFFORD,AZ,85546,GRAHAM,9283484000,Acute Care Hospitals,Government - Hospital District or Authority,No,Heart Attack,AMI-5,Heart Attack Patients Given Beta Blocker at Discharge,67%,3 patients,AZ_AMI-5
41329,ST JOHN-S HOSPITAL-BERRYVILLE,214 CARTER STREET,BERRYVILLE,AR,72616,CARROLL,8704233355,Critical Access Hospitals,Voluntary non-profit - Church,No,Heart Attack,AMI-2,Heart Attack Patients Given Aspirin at Discharge,67%,3 patients,AR_AMI-2
20008,BARTLETT REGIONAL HOSPITAL,3260 HOSPITAL DR,JUNEAU,AK,99801,JUNEAU,9077968900,Acute Care Hospitals,Proprietary,Yes,Pneumonia,PN-3B,Pneumonia Patients Whose Initial Emergency Room Blood Culture Was Performed Prior To The Administration Of The First Hospital Dose Of Antibiotics,97%,30 patients,AK_PN-3B
20008,BARTLETT REGIONAL HOSPITAL,3260 HOSPITAL DR,JUNEAU,AK,99801,JUNEAU,9077968900,Acute Care Hospitals,Proprietary,Yes,Pneumonia,PN-2,Pneumonia Patients Assessed and Given Pneumococcal Vaccination,100%,30 patients,AK_PN-2
04009F,FAYETTEVILLE AR VA MEDICAL CENTER,1100 N. COLLEGE AVENUE,FAYETTEVILLE,AR,72703,WASHINGTON,4794445058,Acute Care - VA Medical Center,Government Federal,No,Surgical Infection Prevention,SCIP-INF-3,surgery patients whose preventive antibiotics were stopped at the right time (within 24 hours after surgery),90%,31 patients,AR_SCIP-INF-3
30083,PARADISE VALLEY HOSPITAL,3929 EAST BELL ROAD,PHOENIX,AZ,85032,MARICOPA,6029235000,Acute Care Hospitals,Proprietary,Yes,Heart Attack,AMI-4,Heart Attack Patients Given Smoking Cessation Advice/Counseling,97%,31 patients,AZ_AMI-4
50116,NORTHRIDGE HOSPITAL MEDICAL CENTER,18300 ROSCOE BLVD,NORTHRIDGE,CA,91325,LOS ANGELES,8188858500,Acute Care Hospitals,Voluntary non-profit - Other,Yes,Heart Attack,AMI-4,Heart Attack Patients Given Smoking Cessation Advice/Counseling,100%,32 patients,CA_AMI-4
10126,TROY REGIONAL MEDICAL CENTER,1330 HIGHWAY 231 SOUTH,TROY,AL,36081,PIKE,3346705000,Acute Care Hospitals,Proprietary,No,Pneumonia,PN-5C,Pneumonia Patients Given Initial Antibiotic(s) within 6 Hours After Arrival,91%,32 patients,AL_PN-5C
50111,TEMPLE COMMUNITY HOSPITAL,235 N HOOVER ST,LOS ANGELES,CA,90004,LOS ANGELES,2133827252,Acute Care Hospitals,Proprietary,No,Pneumonia,PN-7,Pneumonia Patients Assessed and Given Influenza Vaccination,100%,33 patients,CA_PN-7
50040,LAC/OLIVE VIEW-UCLA MEDICAL CENTER,14445 OLIVE VIEW DRIVE,SYLMAR,CA,91342,LOS ANGELES,8183641555,Acute Care Hospitals,Government - Local,Yes,Heart Attack,AMI-2,Heart Attack Patients Given Aspirin at Discharge,94%,33 patients,CA_AMI-2
50150,SIERRA NEVADA MEMORIAL HOSPITAL,155 GLASSON WAY,GRASS VALLEY,CA,95945,NEVADA,5302746000,Acute Care Hospitals,Voluntary non-profit - Other,Yes,Surgical Infection Prevention,SCIP-CARD-2,surgery patients who were taking heart drugs called beta blockers before coming to the hospital&#54; who were kept on the beta blockers during the period just before and after their surgery,94%,33 patients,CA_SCIP-CARD-2
10167,UAB HIGHLANDS,1201 11TH AVENUE SOUTH,BIRMINGHAM,AL,35205,JEFFERSON,2059757100,Acute Care Hospitals,Government - Hospital District or Authority,Yes,Surgical Infection Prevention,SCIP-CARD-2,surgery patients who were taking heart drugs called beta blockers before coming to the hospital&#54; who were kept on the beta blockers during the period just before and after their surgery,97%,34 patients,AL_SCIP-CARD-2
10167,UAB HIGHLANDS,1201 11TH AVENUE SOUTH,BIRMINGHAM,AL,35205,JEFFERSON,2059757100,Acute Care Hospitals,Government - Hospital District or Authority,Yes,Surgical Infection Prevention,SCIP-CARD-2,surgery patients who were taking heart drugs called beta blockers before coming to the hospital&#54; who were kept on the beta blockers during the period just before and after their surgery,97%,34 patients,AL_SCIP-CARD-2
30078,PHOENIX INDIAN MEDICAL CENTER,4212 N 16TH ST,PHOENIX,AZ,85016,MARICOPA,6022631200,Acute Care Hospitals,Government - Federal,Yes,Pneumonia,PN-3B,Pneumonia Patients Whose Initial Emergency Room Blood Culture Was Performed Prior To The Administration Of The First Hospital Dose Of Antibiotics,89%,35 patients,AZ_PN-3B
50024,PARADISE VALLEY HOSPITAL,2400 EAST FOURTH STREET,NATIONAL CITY,CA,91950,SAN DIEGO,6194704321,Acute Care Hospitals,Voluntary non-profit - Church,Yes,Heart Attack,AMI-5,Heart Attack Patients Given Beta Blocker at Discharge,100%,35 patients,CA_AMI-5
41329,ST JOHN-S HOSPITAL-BERRYVILLE,214 CARTER STREET,BERRYVILLE,AR,72616,CARROLL,8704233355,Critical Access Hospitals,Voluntary non-profit - Church,No,Surgical Infection Prevention,SCIP-INF-1,surgery patients who were given an antibiotic at the right time (within one hour before surgery) to help prevent infection,75%,36 patients,AR_SCIP-INF-1
50002,ST ROSE HOSPITAL,27200 CALAROGA AVE,HAYWARD,CA,94545,ALAMEDA,5107826200,Acute Care Hospitals,Voluntary non-profit - Church,Yes,Heart Failure,HF-4,Heart Failure Patients Given Smoking Cessation Advice/Counseling,94%,36 patients,CA_HF-4
10131,CRESTWOOD MEDICAL CENTER,ONE HOSPITAL DR SE,HUNTSVILLE,AL,35801,MADISON,2568823100,Acute Care Hospitals,Proprietary,Yes,Heart Failure,HF-4,Heart Failure Patients Given Smoking Cessation Advice/Counseling,100%,37 patients,AL_HF-4
50261,SIERRA VIEW DISTRICT HOSPITAL,465 W PUTNAM AVE,PORTERVILLE,CA,93257,TULARE,5597841110,Acute Care Hospitals,Government - Hospital District or Authority,Yes,Heart Attack,AMI-5,Heart Attack Patients Given Beta Blocker at Discharge,89%,37 patients,CA_AMI-5
10104,TRINITY MEDICAL CENTER,800 MONTCLAIR RD,BIRMINGHAM,AL,35213,JEFFERSON,2055921000,Acute Care Hospitals,Proprietary,No,Heart Failure,HF-4,Heart Failure Patients Given Smoking Cessation Advice/Counseling,100%,38 patients,AL_HF-4
50067,OAK VALLEY DISTRICT HOSPITAL,350 S OAK AVE,OAKDALE,CA,95361,STANISLAUS,2098473011,Acute Care Hospitals,Government - Hospital District or Authority,Yes,Pneumonia,PN-5C,Pneumonia Patients Given Initial Antibiotic(s) within 6 Hours After Arrival,92%,38 patients,CA_PN-5C
50018,PACIFIC ALLIANCE MEDICAL CENTER,531 W COLLEGE ST,LOS ANGELES,CA,90012,LOS ANGELES,2136248411,Acute Care Hospitals,Proprietary,No,Heart Attack,AMI-2,Heart Attack Patients Given Aspirin at Discharge,53%,38 patients,CA_AMI-2
50126,VALLEY PRESBYTERIAN HOSPITAL,15107 VANOWEN ST,VAN NUYS,CA,91406,LOS ANGELES,8189023906,Acute Care Hospitals,Voluntary non-profit - Other,Yes,Pneumonia,PN-4,Pneumonia Patients Given Smoking Cessation Advice/Counseling,59%,39 patients,CA_PN-4
50126,VALLEY PRESBYTERIAN HOSPITAL,15107 VANOWEN ST,VAN NUYS,CA,91406,LOS ANGELES,8189023906,Acute Care Hospitals,Voluntary non-profit - Other,Yes,Pneumonia,PN-4,Pneumonia Patients Given Smoking Cessation Advice/Counseling,59%,39 patients,CA_PN-4
41318,BOONEVILLE COMMUNITY HOSPITAL,880 WEST MAIN,BOONEVILLE,AR,72927,LOGAN,4796752800,Critical Access Hospitals,Government - Local,Yes,Pneumonia,PN-6,Pneumonia Patients Given the Most Appropriate Initial Antibiotic(s),87%,39 patients,AR_PN-6
40018,SUMMIT MEDICAL CENTER,EAST MAIN AND SOUTH 20TH STREETS,VAN BUREN,AR,72956,CRAWFORD,4794743401,Acute Care Hospitals,Proprietary,Yes,Heart Attack,AMI-7A,Heart Attack Patients Given Fibrinolytic Medication Within 30 Minutes Of Arrival,25%,4 patients,AR_AMI-7A
50054,SAN GORGONIO MEMORIAL HOSPITAL,600 NORTH HIGHLAND SPRINGS AVENUE,BANNING,CA,92220,RIVERSIDE,9517692101,Acute Care Hospitals,Government - Hospital District or Authority,Yes,Heart Attack,AMI-4,Heart Attack Patients Given Smoking Cessation Advice/Counseling,50%,4 patients,CA_AMI-4
50046,OJAI VALLEY COMMUNITY HOSPITAL,1306 MARICOPA HWY,OJAI,CA,93023,VENTURA,8056402280,Acute Care Hospitals,Proprietary,Yes,Heart Attack,AMI-1,Heart Attack Patients Given Aspirin at Arrival,75%,4 patients,CA_AMI-1
20027,MT EDGECUMBE HOSPITAL,222 TONGASS DR,SITKA,AK,99835,SITKA,9079662411,Acute Care Hospitals,Voluntary non-profit - Other,No,Heart Failure,HF-3,Heart Failure Patients Given ACE Inhibitor or ARB for Left Ventricular Systolic Dysfunction (LVSD),100%,4 patients,AK_HF-3
41319,DE QUEEN MEDICAL CENTER; INC,1306 WEST COLLIN RAYE DRIVE,DE QUEEN,AR,71832,SEVIER,8705844111,Critical Access Hospitals,Voluntary non-profit - Private,No,Pneumonia,PN-4,Pneumonia Patients Given Smoking Cessation Advice/Counseling,50%,4 patients,AR_PN-4
41319,DE QUEEN MEDICAL CENTER; INC,1306 WEST COLLIN RAYE DRIVE,DE QUEEN,AR,71832,SEVIER,8705844111,Critical Access Hospitals,Voluntary non-profit - Private,No,Heart Failure,HF-4,Heart Failure Patients Given Smoking Cessation Advice/Counseling,75%,4 patients,AR_HF-4
10046,RIVERVIEW REGIONAL MEDICAL CENTER,600 SOUTH THIRD STREET,GADSDEN,AL,35901,ETOWAH,2565435200,Acute Care Hospitals,Proprietary,Yes,Children&#8217;s Asthma Care,CAC-2,Children Who Received Systemic Corticosteroid Medication (oral and IV Medication That Reduces Inflammation and Controls Symptoms) While Hospitalized for Asthma,100%,4 patients,AL_CAC-2
50101,SUTTER SOLANO MEDICAL CENTER,300 HOSPITAL DR,VALLEJO,CA,94589,SOLANO,7075545280,Acute Care Hospitals,Voluntary non-profit - Other,Yes,Pneumonia,PN-4,Pneumonia Patients Given Smoking Cessation Advice/Counseling,100%,40 patients,CA_PN-4
50234,SHARP CORONADO HOSPITAL AND HLTHCR CTR,250 PROSPECT PLACE,CORONADO,CA,92118,SAN DIEGO,6194356251,Acute Care Hospitals,Voluntary non-profit - Other,Yes,Pneumonia,PN-7,Pneumonia Patients Assessed and Given Influenza Vaccination,85%,40 patients,CA_PN-7
01019F,VA CENTRAL ALABAMA HEALTHCARE SYSTEM - MONTG,215 PERRY HILL ROAD,MONTGOMERY,AL,36109,MONTGOMERY,3342604100,Acute Care - VA Medical Center,Government Federal,No,Pneumonia,PN-3B,Pneumonia Patients Whose Initial Emergency Room Blood Culture Was Performed Prior To The Administration Of The First Hospital Dose Of Antibiotics,95%,41 patients,AL_PN-3B
50046,OJAI VALLEY COMMUNITY HOSPITAL,1306 MARICOPA HWY,OJAI,CA,93023,VENTURA,8056402280,Acute Care Hospitals,Proprietary,Yes,Surgical Infection Prevention,SCIP-INF-3,surgery patients whose preventive antibiotics were stopped at the right time (within 24 hours after surgery),88%,41 patients,CA_SCIP-INF-3
10055,FLOWERS HOSPITAL,4370 WEST MAIN STREET,DOTHAN,AL,36305,HOUSTON,3347935000,Acute Care Hospitals,Proprietary,Yes,Heart Attack,AMI-8A,Heart Attack Patients Given PCI Within 90 Minutes Of Arrival,95%,41 patients,AL_AMI-8A
50150,SIERRA NEVADA MEMORIAL HOSPITAL,155 GLASSON WAY,GRASS VALLEY,CA,95945,NEVADA,5302746000,Acute Care Hospitals,Voluntary non-profit - Other,Yes,Pneumonia,PN-4,Pneumonia Patients Given Smoking Cessation Advice/Counseling,100%,42 patients,CA_PN-4
10157,SHOALS HOSPITAL,201 WEST AVALON AVENUE,MUSCLE SHOALS,AL,35661,COLBERT,2563861601,Acute Care Hospitals,Government - Hospital District or Authority,Yes,Heart Failure,HF-2,Heart Failure Patients Given an Evaluation of Left Ventricular Systolic (LVS) Function,98%,42 patients,AL_HF-2
50046,OJAI VALLEY COMMUNITY HOSPITAL,1306 MARICOPA HWY,OJAI,CA,93023,VENTURA,8056402280,Acute Care Hospitals,Proprietary,Yes,Surgical Infection Prevention,SCIP-INF-1,surgery patients who were given an antibiotic at the right time (within one hour before surgery) to help prevent infection,88%,43 patients,CA_SCIP-INF-1
10036,ANDALUSIA REGIONAL HOSPITAL,849 SOUTH THREE NOTCH STREET,ANDALUSIA,AL,36420,COVINGTON,3342228466,Acute Care Hospitals,Proprietary,No,Pneumonia,PN-4,Pneumonia Patients Given Smoking Cessation Advice/Counseling,100%,43 patients,AL_PN-4
50024,PARADISE VALLEY HOSPITAL,2400 EAST FOURTH STREET,NATIONAL CITY,CA,91950,SAN DIEGO,6194704321,Acute Care Hospitals,Voluntary non-profit - Church,Yes,Heart Failure,HF-4,Heart Failure Patients Given Smoking Cessation Advice/Counseling,100%,44 patients,CA_HF-4
50002,ST ROSE HOSPITAL,27200 CALAROGA AVE,HAYWARD,CA,94545,ALAMEDA,5107826200,Acute Care Hospitals,Voluntary non-profit - Church,Yes,Pneumonia,PN-6,Pneumonia Patients Given the Most Appropriate Initial Antibiotic(s),89%,44 patients,CA_PN-6
50013,ST HELENA HOSPITAL,10 WOODLAND ROAD,SAINT HELENA,CA,94574,NAPA,7079675899,Acute Care Hospitals,Voluntary non-profit - Church,Yes,Pneumonia,PN-3B,Pneumonia Patients Whose Initial Emergency Room Blood Culture Was Performed Prior To The Administration Of The First Hospital Dose Of Antibiotics,93%,45 patients,CA_PN-3B
41307,CROSSRIDGE COMMUNITY HOSPITAL,310 SOUTH FALLS BOULEVARD,WYNNE,AR,72396,CROSS,8702383300,Critical Access Hospitals,Voluntary non-profit - Church,Yes,Heart Failure,HF-2,Heart Failure Patients Given an Evaluation of Left Ventricular Systolic (LVS) Function,100%,45 patients,AR_HF-2
10168,SUMMIT HOSPITAL,4401 RIVER CHASE DRIVE,PHENIX CITY,AL,36867,RUSSELL,3347323456,Acute Care Hospitals,Government - State,Yes,Heart Failure,HF-2,Heart Failure Patients Given an Evaluation of Left Ventricular Systolic (LVS) Function,74%,46 patients,AL_HF-2
40051,DREW MEMORIAL HOSPITAL,778 SCOGIN DRIVE,MONTICELLO,AR,71655,DREW,8703672411,Acute Care Hospitals,Government - Local,No,Heart Failure,HF-1,Heart Failure Patients Given Discharge Instructions,96%,46 patients,AR_HF-1
10033,UNIVERSITY OF ALABAMA HOSPITAL,619 SOUTH 19TH STREET,BIRMINGHAM,AL,35233,JEFFERSON,2059344011,Acute Care Hospitals,Government - State,Yes,Heart Attack,AMI-8A,Heart Attack Patients Given PCI Within 90 Minutes Of Arrival,98%,47 patients,AL_AMI-8A
10164,COOSA VALLEY MEDICAL CENTER,315 W HICKORY ST,SYLACAUGA,AL,35150,TALLADEGA,2562495000,Acute Care Hospitals,Voluntary non-profit - Other,No,Pneumonia,PN-4,Pneumonia Patients Given Smoking Cessation Advice/Counseling,100%,47 patients,AL_PN-4
41308,MCGEHEE DESHA COUNTY HOSPITAL,900 SOUTH THIRD STREET,MCGEHEE,AR,71654,DESHA,8702225600,Critical Access Hospitals,Government - Local,No,Heart Failure,HF-2,Heart Failure Patients Given an Evaluation of Left Ventricular Systolic (LVS) Function,79%,48 patients,AR_HF-2
41308,MCGEHEE DESHA COUNTY HOSPITAL,900 SOUTH THIRD STREET,MCGEHEE,AR,71654,DESHA,8702225600,Critical Access Hospitals,Government - Local,No,Heart Failure,HF-2,Heart Failure Patients Given an Evaluation of Left Ventricular Systolic (LVS) Function,79%,48 patients,AR_HF-2
41321,BAPTIST HEALTH MED CTR-ARKADELPHIA,3050 TWIN RIVERS DRIVE,ARKADELPHIA,AR,71923,CLARK,8702452622,Critical Access Hospitals,Voluntary non-profit - Other,Yes,Surgical Infection Prevention,SCIP-INF-1,surgery patients who were given an antibiotic at the right time (within one hour before surgery) to help prevent infection,96%,49 patients,AR_SCIP-INF-1
30100,TUCSON HEART HOSPITAL,4888 NORTH STONE AVENUE,TUCSON,AZ,85704,PIMA,5206962328,Acute Care Hospitals,Proprietary,Yes,Pneumonia,PN-7,Pneumonia Patients Assessed and Given Influenza Vaccination,76%,49 patients,AZ_PN-7
50152,SAINT FRANCIS MEMORIAL HOSPITAL,900 HYDE ST,SAN FRANCISCO,CA,94109,SAN FRANCISCO,4157754321,Acute Care Hospitals,Voluntary non-profit - Private,Yes,Heart Attack,AMI-4,Heart Attack Patients Given Smoking Cessation Advice/Counseling,100%,5 patients,CA_AMI-4
50045,EL CENTRO REGIONAL MEDICAL CENTER,1415 ROSS AVENUE,EL CENTRO,CA,92243,IMPERIAL,7603397100,Acute Care Hospitals,Government - Local,Yes,Heart Attack,AMI-3,Heart Attack Patients Given ACE Inhibitor or ARB for Left Ventricular Systolic Dysfunction (LVSD),100%,5 patients,CA_AMI-3
50090,SONOMA VALLEY HOSPITAL,347 ANDRIEUX ST,SONOMA,CA,95476,SONOMA,7079355106,Acute Care Hospitals,Government - Hospital District or Authority,Yes,Heart Attack,AMI-3,Heart Attack Patients Given ACE Inhibitor or ARB for Left Ventricular Systolic Dysfunction (LVSD),100%,5 patients,CA_AMI-3
40078,NATIONAL PARK MEDICAL CENTER,1910 MALVERN AVENUE,HOT SPRINGS,AR,71901,GARLAND,5013211000,Acute Care Hospitals,Proprietary,Yes,Heart Attack,AMI-8A,Heart Attack Patients Given PCI Within 90 Minutes Of Arrival,20%,5 patients,AR_AMI-8A
10108,PRATTVILLE BAPTIST HOSPITAL,124 S MEMORIAL DR,PRATTVILLE,AL,36067,AUTAUGA,3343614267,Acute Care Hospitals,Voluntary non-profit - Private,Yes,Heart Attack,AMI-5,Heart Attack Patients Given Beta Blocker at Discharge,100%,5 patients,AL_AMI-5
10022,CHEROKEE MEDICAL CENTER,400 NORTHWOOD DR,CENTRE,AL,35960,CHEROKEE,2569275531,Acute Care Hospitals,Voluntary non-profit - Private,Yes,Surgical Infection Prevention,SCIP-VTE-1,surgery patients whose doctors ordered treatments to prevent blood clots after certain types of surgeries,100%,5 patients,AL_SCIP-VTE-1
50128,TRI-CITY MEDICAL CENTER,4002 VISTA WAY,OCEANSIDE,CA,92056,SAN DIEGO,7607248411,Acute Care Hospitals,Government - Hospital District or Authority,Yes,Pneumonia,PN-4,Pneumonia Patients Given Smoking Cessation Advice/Counseling,100%,50 patients,CA_PN-4
30043,SIERRA VISTA REGIONAL HEALTH CENTER INC,300 EL CAMINO REAL,SIERRA VISTA,AZ,85635,COCHISE,5204584641,Acute Care Hospitals,Voluntary non-profit - Other,Yes,Pneumonia,PN-4,Pneumonia Patients Given Smoking Cessation Advice/Counseling,100%,50 patients,AZ_PN-4
50084,ST JOSEPHS MED CENTER OF STOCKTON,1800 N CALIFORNIA ST,STOCKTON,CA,95204,SAN JOAQUIN,2099432000,Acute Care Hospitals,Voluntary non-profit - Church,Yes,Pneumonia,PN-4,Pneumonia Patients Given Smoking Cessation Advice/Counseling,100%,51 patients,CA_PN-4
50195,WASHINGTON HOSPITAL,2000 MOWRY AVE,FREMONT,CA,94538,ALAMEDA,5107971111,Acute Care Hospitals,Government - Hospital District or Authority,Yes,Heart Attack,AMI-4,Heart Attack Patients Given Smoking Cessation Advice/Counseling,100%,51 patients,CA_AMI-4
30006,TUCSON MEDICAL CENTER,5301 EAST GRANT ROAD,TUCSON,AZ,85712,PIMA,5203275461,Acute Care Hospitals,Voluntary non-profit - Private,Yes,Pneumonia,PN-4,Pneumonia Patients Given Smoking Cessation Advice/Counseling,100%,52 patients,AZ_PN-4
10025,G H LANIER MEMORIAL HOSPITAL,4800 48TH ST,VALLEY,AL,36854,CHAMBERS,3347561400,Acute Care Hospitals,Voluntary non-profit - Other,Yes,Pneumonia,PN-6,Pneumonia Patients Given the Most Appropriate Initial Antibiotic(s),85%,52 patients,AL_PN-6
10023,BAPTIST MEDICAL CENTER SOUTH,2105 EAST SOUTH BOULEVARD,MONTGOMERY,AL,36116,MONTGOMERY,3342882100,Acute Care Hospitals,Voluntary non-profit - Church,Yes,Heart Attack,AMI-3,Heart Attack Patients Given ACE Inhibitor or ARB for Left Ventricular Systolic Dysfunction (LVSD),100%,53 patients,AL_AMI-3
50100,SHARP MEMORIAL HOSPITAL,7901 FROST ST,SAN DIEGO,CA,92123,SAN DIEGO,8589393400,Acute Care Hospitals,Voluntary non-profit - Other,Yes,Heart Attack,AMI-8A,Heart Attack Patients Given PCI Within 90 Minutes Of Arrival,79%,53 patients,CA_AMI-8A
10019,HELEN KELLER MEMORIAL HOSPITAL,1300 SOUTH MONTGOMERY AVENUE,SHEFFIELD,AL,35660,JEFFERSON,2563864556,Acute Care Hospitals,Government - Hospital District or Authority,Yes,Surgical Infection Prevention,SCIP-CARD-2,surgery patients who were taking heart drugs called beta blockers before coming to the hospital&#54; who were kept on the beta blockers during the period just before and after their surgery,81%,54 patients,AL_SCIP-CARD-2
40017,NORTH ARKANSAS REGIONAL MED CTR,620 NORTH MAIN STREET,HARRISON,AR,72601,BOONE,8704144000,Acute Care Hospitals,Voluntary non-profit - Private,Yes,Pneumonia,PN-4,Pneumonia Patients Given Smoking Cessation Advice/Counseling,98%,55 patients,AR_PN-4
30117,VALLEY VIEW MEDICAL CENTER,5330 SOUTH HIGHWAY 95,FORT MOHAVE,AZ,86426,MOHAVE,9287882273,Acute Care Hospitals,Proprietary,Yes,Pneumonia,PN-6,Pneumonia Patients Given the Most Appropriate Initial Antibiotic(s),78%,55 patients,AZ_PN-6
50127,WOODLAND MEMORIAL HOSPITAL,1325 COTTONWOOD STREET,WOODLAND,CA,95695,YOLO,5306623961,Acute Care Hospitals,Voluntary non-profit - Other,Yes,Pneumonia,PN-6,Pneumonia Patients Given the Most Appropriate Initial Antibiotic(s),95%,56 patients,CA_PN-6
10168,SUMMIT HOSPITAL,4401 RIVER CHASE DRIVE,PHENIX CITY,AL,36867,RUSSELL,3347323456,Acute Care Hospitals,Government - State,Yes,Pneumonia,PN-5C,Pneumonia Patients Given Initial Antibiotic(s) within 6 Hours After Arrival,91%,56 patients,AL_PN-5C
50067,OAK VALLEY DISTRICT HOSPITAL,350 S OAK AVE,OAKDALE,CA,95361,STANISLAUS,2098473011,Acute Care Hospitals,Government - Hospital District or Authority,Yes,Heart Failure,HF-2,Heart Failure Patients Given an Evaluation of Left Ventricular Systolic (LVS) Function,95%,57 patients,CA_HF-2
50030,OROVILLE HOSPITAL,2767 OLIVE HIGHWAY,OROVILLE,CA,95966,BUTTE,5305338500,Acute Care Hospitals,Voluntary non-profit - Private,Yes,Heart Attack,AMI-1,Heart Attack Patients Given Aspirin at Arrival,96%,57 patients,CA_AMI-1
50089,COMMUNITY HOSPITAL OF SAN BERNARDINO,1805 MEDICAL CENTER DRIVE,SAN BERNARDINO,CA,92411,SAN BERNARDINO,9098876333,Acute Care Hospitals,Voluntary non-profit - Other,Yes,Heart Attack,AMI-1,Heart Attack Patients Given Aspirin at Arrival,100%,58 patients,CA_AMI-1
50135,HOLLYWOOD COMMUNITY HOSPITAL OF HOLLYWOOD,6245 DE LONGPRE AVE,HOLLYWOOD,CA,90028,LOS ANGELES,3234622271,Acute Care Hospitals,Voluntary non-profit - Other,Yes,Heart Failure,HF-2,Heart Failure Patients Given an Evaluation of Left Ventricular Systolic (LVS) Function,64%,58 patients,CA_HF-2
50169,PRESBYTERIAN INTERCOMMUNITY HOSPITAL,12401 E WASHINGTON BLVD,WHITTIER,CA,90602,LOS ANGELES,5266980811,Acute Care Hospitals,Voluntary non-profit - Private,Yes,Pneumonia,PN-6,Pneumonia Patients Given the Most Appropriate Initial Antibiotic(s),95%,59 patients,CA_PN-6
10145,NORTHPORT MEDICAL CENTER,2700 HOSPITAL DRIVE,NORTHPORT,AL,35476,TUSCALOOSA,2053334500,Acute Care Hospitals,Government - Hospital District or Authority,Yes,Pneumonia,PN-4,Pneumonia Patients Given Smoking Cessation Advice/Counseling,100%,59 patients,AL_PN-4
30084,CHINLE COMPREHENSIVE CARE FACILITY,PO BOX PH,CHINLE,AZ,86503,APACHE,9286747040,Acute Care Hospitals,Government - Federal,Yes,Surgical Infection Prevention,SCIP-VTE-1,surgery patients whose doctors ordered treatments to prevent blood clots after certain types of surgeries,83%,6 patients,AZ_SCIP-VTE-1
40076,HOT SPRING COUNTY MEDICAL CENTER,1001 SCHNEIDER DRIVE,MALVERN,AR,72104,HOT SPRING,5013374911,Acute Care Hospitals,Voluntary non-profit - Private,Yes,Surgical Infection Prevention,SCIP-INF-1,surgery patients who were given an antibiotic at the right time (within one hour before surgery) to help prevent infection,67%,6 patients,AR_SCIP-INF-1
10079,ATHENS-LIMESTONE HOSPITAL,700 WEST MARKET STREET,ATHENS,AL,35611,LIMESTONE,2562339292,Acute Care Hospitals,Government - Hospital District or Authority,Yes,Heart Attack,AMI-2,Heart Attack Patients Given Aspirin at Discharge,83%,6 patients,AL_AMI-2
11300,WASHINGTON COUNTY HOSPITAL,649 ST STEPHENS AVENUE HIGHWAY 56,CHATOM,AL,36518,WASHINGTON,2518472223,Critical Access Hospitals,Government - Hospital District or Authority,No,Pneumonia,PN-2,Pneumonia Patients Assessed and Given Pneumococcal Vaccination,50%,6 patients,AL_PN-2
31314,COBRE VALLEY COMMUNITY HOSPITAL,5880 SOUTH HOSPITAL DRIVE,GLOBE,AZ,85501,GILA,9284253261,Critical Access Hospitals,Proprietary,Yes,Heart Attack,AMI-1,Heart Attack Patients Given Aspirin at Arrival,83%,6 patients,AZ_AMI-1
40076,HOT SPRING COUNTY MEDICAL CENTER,1001 SCHNEIDER DRIVE,MALVERN,AR,72104,HOT SPRING,5013374911,Acute Care Hospitals,Voluntary non-profit - Private,Yes,Surgical Infection Prevention,SCIP-CARD-2,surgery patients who were taking heart drugs called beta blockers before coming to the hospital&#54; who were kept on the beta blockers during the period just before and after their surgery,67%,6 patients,AR_SCIP-CARD-2
10144,SPRINGHILL MEDICAL CENTER,3719 DAUPHIN STREET,MOBILE,AL,36608,MOBILE,2513449630,Acute Care Hospitals,Proprietary,Yes,Heart Failure,HF-4,Heart Failure Patients Given Smoking Cessation Advice/Counseling,98%,60 patients,AL_HF-4
30002,BANNER GOOD SAMARITAN MEDICAL CENTER,1111 EAST MCDOWELL ROAD,PHOENIX,AZ,85006,MARICOPA,6022392000,Acute Care Hospitals,Government - Hospital District or Authority,Yes,Heart Failure,HF-4,Heart Failure Patients Given Smoking Cessation Advice/Counseling,100%,61 patients,AZ_HF-4
50057,KAWEAH DELTA MEDICAL CENTER,400 W MINERAL KING AVE,VISALIA,CA,93291,TULARE,5596242000,Acute Care Hospitals,Government - Hospital District or Authority,Yes,Heart Attack,AMI-8A,Heart Attack Patients Given PCI Within 90 Minutes Of Arrival,89%,61 patients,CA_AMI-8A
10146,JACKSONVILLE MEDICAL CENTER,1701 SOUTH PELHAM ROAD,JACKSONVILLE,AL,36265,CALHOUN,2567824538,Acute Care Hospitals,Proprietary,Yes,Pneumonia,PN-6,Pneumonia Patients Given the Most Appropriate Initial Antibiotic(s),89%,62 patients,AL_PN-6
04009F,FAYETTEVILLE AR VA MEDICAL CENTER,1100 N. COLLEGE AVENUE,FAYETTEVILLE,AR,72703,WASHINGTON,4794445058,Acute Care - VA Medical Center,Government Federal,No,Surgical Infection Prevention,SCIP-INF-6,surgery patients needing hair removed from the surgical area before surgery&#54; who had hair removed using a safer method (electric clippers or hair removal cream sC not a razor),100%,62 patients,AR_SCIP-INF-6
50008,DAVIES MEDICAL CENTER,CASTRO  DUBOCE STS,SAN FRANCISCO,CA,94114,SAN FRANCISCO,4156006000,Acute Care Hospitals,Voluntary non-profit - Other,Yes,Heart Failure,HF-1,Heart Failure Patients Given Discharge Instructions,44%,63 patients,CA_HF-1
40074,NORTH METRO MEDICAL CENTER,1400 BRADEN STREET,JACKSONVILLE,AR,72076,PULASKI,5019857000,Acute Care Hospitals,Voluntary non-profit - Other,Yes,Heart Failure,HF-1,Heart Failure Patients Given Discharge Instructions,66%,64 patients,AR_HF-1
10007,MIZELL MEMORIAL HOSPITAL,702 N MAIN ST,OPP,AL,36467,COVINGTON,3344933541,Acute Care Hospitals,Voluntary non-profit - Private,No,Pneumonia,PN-3B,Pneumonia Patients Whose Initial Emergency Room Blood Culture Was Performed Prior To The Administration Of The First Hospital Dose Of Antibiotics,78%,64 patients,AL_PN-3B
10034,COMMUNITY HOSPITAL INC,805 FRIENDSHIP ROAD,TALLASSEE,AL,36078,ELMORE,3342836541,Acute Care Hospitals,Voluntary non-profit - Private,No,Heart Failure,HF-1,Heart Failure Patients Given Discharge Instructions,88%,65 patients,AL_HF-1
50104,SAINT FRANCIS MEDICAL CENTER,3630 EAST IMPERIAL HIGHWAY,LYNWOOD,CA,90262,LOS ANGELES,3109008900,Acute Care Hospitals,Voluntary non-profit - Church,Yes,Children&#8217;s Asthma Care,CAC-2,Children Who Received Systemic Corticosteroid Medication (oral and IV Medication That Reduces Inflammation and Controls Symptoms) While Hospitalized for Asthma,100%,65 patients,CA_CAC-2
40019,FORREST CITY MEDICAL CENTER,1601 NEWCASTLE ROAD,FORREST CITY,AR,72335,SAINT FRANCIS,8702610000,Acute Care Hospitals,Proprietary,Yes,Surgical Infection Prevention,SCIP-INF-2,surgery patients who were given the  right kind  of antibiotic to help prevent infection,92%,66 patients,AR_SCIP-INF-2
40050,OUACHITA COUNTY MEDICAL CENTER,638 CALIFORNIA AVENUE,CAMDEN,AR,71701,OUACHITA,8708361000,Acute Care Hospitals,Voluntary non-profit - Private,Yes,Pneumonia,PN-6,Pneumonia Patients Given the Most Appropriate Initial Antibiotic(s),95%,66 patients,AR_PN-6
50073,KAISER FOUNDATION HOSPITAL VALLEJO,975 SERENO DR,VALLEJO,CA,94589,SOLANO,7076511000,Acute Care Hospitals,Voluntary non-profit - Other,Yes,Heart Attack,AMI-2,Heart Attack Patients Given Aspirin at Discharge,100%,67 patients,CA_AMI-2
50113,SAN MATEO MEDICAL CENTER,222 W 39TH AVE,SAN MATEO,CA,94403,SAN MATEO,6505732222,Acute Care Hospitals,Government - Hospital District or Authority,Yes,Surgical Infection Prevention,SCIP-INF-3,surgery patients whose preventive antibiotics were stopped at the right time (within 24 hours after surgery),85%,68 patients,CA_SCIP-INF-3
40118,NEA MEDICAL CENTER,3024 STADIUM BOULEVARD,JONESBORO,AR,72401,CRAIGHEAD,8709727000,Acute Care Hospitals,Proprietary,Yes,Pneumonia,PN-4,Pneumonia Patients Given Smoking Cessation Advice/Counseling,97%,69 patients,AR_PN-4
10109,PICKENS COUNTY MEDICAL CENTER,241 ROBERT K WILSON,CARROLLTON,AL,35447,PICKENS,2053678111,Acute Care Hospitals,Voluntary non-profit - Other,Yes,Pneumonia,PN-5C,Pneumonia Patients Given Initial Antibiotic(s) within 6 Hours After Arrival,88%,69 patients,AL_PN-5C
10158,RUSSELLVILLE HOSPITAL,15155 HIGHWAY 43,RUSSELLVILLE,AL,35653,FRANKLIN,2563321611,Acute Care Hospitals,Proprietary,Yes,Heart Attack,AMI-1,Heart Attack Patients Given Aspirin at Arrival,100%,7 patients,AL_AMI-1
41329,ST JOHN-S HOSPITAL-BERRYVILLE,214 CARTER STREET,BERRYVILLE,AR,72616,CARROLL,8704233355,Critical Access Hospitals,Voluntary non-profit - Church,No,Heart Failure,HF-3,Heart Failure Patients Given ACE Inhibitor or ARB for Left Ventricular Systolic Dysfunction (LVSD),86%,7 patients,AR_HF-3
40067,MAGNOLIA HOSPITAL,101 HOSPITAL DRIVE,MAGNOLIA,AR,71754,COLUMBIA,8702353000,Acute Care Hospitals,Government - Local,Yes,Surgical Infection Prevention,SCIP-VTE-1,surgery patients whose doctors ordered treatments to prevent blood clots after certain types of surgeries,43%,7 patients,AR_SCIP-VTE-1
20018,YUKON KUSKOKWIM DELTA REG HOSPITAL,PO BOX 287,BETHEL,AK,99559,BETHEL,9075436300,Acute Care Hospitals,Government - Federal,No,Pneumonia,PN-5C,Pneumonia Patients Given Initial Antibiotic(s) within 6 Hours After Arrival,80%,70 patients,AK_PN-5C
30002,BANNER GOOD SAMARITAN MEDICAL CENTER,1111 EAST MCDOWELL ROAD,PHOENIX,AZ,85006,MARICOPA,6022392000,Acute Care Hospitals,Government - Hospital District or Authority,Yes,Pneumonia,PN-6,Pneumonia Patients Given the Most Appropriate Initial Antibiotic(s),90%,70 patients,AZ_PN-6
40072,BAPTIST HEALTH MEDICAL CENTER-STUTTGART,1703 NORTH BUERKLE ROAD,STUTTGART,AR,72160,ARKANSAS,8706733511,Acute Care Hospitals,Voluntary non-profit - Other,Yes,Pneumonia,PN-5C,Pneumonia Patients Given Initial Antibiotic(s) within 6 Hours After Arrival,100%,71 patients,AR_PN-5C
50099,SAN ANTONIO COMMUNITY HOSPITAL,999 SAN BERNARDINO RD,UPLAND,CA,91786,SAN BERNARDINO,7149852811,Acute Care Hospitals,Voluntary non-profit - Other,Yes,Pneumonia,PN-7,Pneumonia Patients Assessed and Given Influenza Vaccination,90%,72 patients,CA_PN-7
10146,JACKSONVILLE MEDICAL CENTER,1701 SOUTH PELHAM ROAD,JACKSONVILLE,AL,36265,CALHOUN,2567824538,Acute Care Hospitals,Proprietary,Yes,Surgical Infection Prevention,SCIP-INF-1,surgery patients who were given an antibiotic at the right time (within one hour before surgery) to help prevent infection,92%,73 patients,AL_SCIP-INF-1
30111,UNIVERSITY PHYSICIANS HEALTHCARE HOSPITAL AT KINO,2800 EAST AJO WAY,TUCSON,AZ,85713,PIMA,5202944471,Acute Care Hospitals,Voluntary non-profit - Private,Yes,Pneumonia,PN-7,Pneumonia Patients Assessed and Given Influenza Vaccination,49%,73 patients,AZ_PN-7
50071,KAISER FOUNDATION HOSPITAL-SANTA CLARA,700 LAWRENCE EXPRESSWAY,SANTA CLARA,CA,95051,SANTA CLARA,4082366400,Acute Care Hospitals,Government - Federal,Yes,Heart Failure,HF-3,Heart Failure Patients Given ACE Inhibitor or ARB for Left Ventricular Systolic Dysfunction (LVSD),100%,74 patients,CA_HF-3
41309,LAWRENCE MEMORIAL HOSPITAL,1309 WEST MAIN,WALNUT RIDGE,AR,72476,LAWRENCE,8708861200,Critical Access Hospitals,Government - Local,Yes,Pneumonia,PN-2,Pneumonia Patients Assessed and Given Pneumococcal Vaccination,100%,75 patients,AR_PN-2
30120,GILBERT HOSPITAL,5656 SOUTH POWER ROAD,GILBERT,AZ,85295,MARICOPA,4802795835,Acute Care Hospitals,Proprietary,No,Pneumonia,PN-2,Pneumonia Patients Assessed and Given Pneumococcal Vaccination,97%,76 patients,AZ_PN-2
30101,WESTERN ARIZONA REGIONAL MEDICAL CTR,2735 SILVER CREEK ROAD,BULLHEAD CITY,AZ,86442,MOHAVE,9287632273,Acute Care Hospitals,Proprietary,Yes,Pneumonia,PN-7,Pneumonia Patients Assessed and Given Influenza Vaccination,88%,76 patients,AZ_PN-7
50196,CENTRAL VALLEY GENERAL HOSPITAL,1025 N DOUTY ST,HANFORD,CA,93230,KINGS,5595832100,Acute Care Hospitals,Voluntary non-profit - Church,Yes,Heart Failure,HF-1,Heart Failure Patients Given Discharge Instructions,83%,77 patients,CA_HF-1
10036,ANDALUSIA REGIONAL HOSPITAL,849 SOUTH THREE NOTCH STREET,ANDALUSIA,AL,36420,COVINGTON,3342228466,Acute Care Hospitals,Proprietary,No,Pneumonia,PN-2,Pneumonia Patients Assessed and Given Pneumococcal Vaccination,100%,77 patients,AL_PN-2
10158,RUSSELLVILLE HOSPITAL,15155 HIGHWAY 43,RUSSELLVILLE,AL,35653,FRANKLIN,2563321611,Acute Care Hospitals,Proprietary,Yes,Pneumonia,PN-2,Pneumonia Patients Assessed and Given Pneumococcal Vaccination,100%,78 patients,AL_PN-2
10099,D W MCMILLAN MEMORIAL HOSPITAL,1301 BELLEVILLE AVENUE,BREWTON,AL,36426,ESCAMBIA,2518678061,Acute Care Hospitals,Government - Hospital District or Authority,Yes,Surgical Infection Prevention,SCIP-INF-3,surgery patients whose preventive antibiotics were stopped at the right time (within 24 hours after surgery),100%,79 patients,AL_SCIP-INF-3
50102,PARKVIEW COMMUNITY HOSPITAL MEDICAL CENTER,3865 JACKSON STREET,RIVERSIDE,CA,92503,RIVERSIDE,9516882211,Acute Care Hospitals,Voluntary non-profit - Private,Yes,Heart Attack,AMI-4,Heart Attack Patients Given Smoking Cessation Advice/Counseling,100%,8 patients,CA_AMI-4
10079,ATHENS-LIMESTONE HOSPITAL,700 WEST MARKET STREET,ATHENS,AL,35611,LIMESTONE,2562339292,Acute Care Hospitals,Government - Hospital District or Authority,Yes,Heart Attack,AMI-5,Heart Attack Patients Given Beta Blocker at Discharge,100%,8 patients,AL_AMI-5
10047,GEORGIANA HOSPITAL,515 MIRANDA ST,GEORGIANA,AL,36033,BUTLER,3343762205,Acute Care Hospitals,Voluntary non-profit - Private,No,Heart Failure,HF-4,Heart Failure Patients Given Smoking Cessation Advice/Counseling,75%,8 patients,AL_HF-4
40081,PIKE COUNTY HOSPITAL,315 E 13TH ST,MURFREESBORO,AR,71958,PIKE,8702853182,Acute Care Hospitals,Government - Local,No,Heart Failure,HF-2,Heart Failure Patients Given an Evaluation of Left Ventricular Systolic (LVS) Function,0%,8 patients,AR_HF-2
10099,D W MCMILLAN MEMORIAL HOSPITAL,1301 BELLEVILLE AVENUE,BREWTON,AL,36426,ESCAMBIA,2518678061,Acute Care Hospitals,Government - Hospital District or Authority,Yes,Surgical Infection Prevention,SCIP-INF-2,surgery patients who were given the  right kind  of antibiotic to help prevent infection,98%,80 patients,AL_SCIP-INF-2
30022,MARICOPA MEDICAL CENTER,2601 EAST ROOSEVELT STREET,PHOENIX,AZ,85008,MARICOPA,6023445011,Acute Care Hospitals,Government - Local,Yes,Pneumonia,PN-6,Pneumonia Patients Given the Most Appropriate Initial Antibiotic(s),86%,81 patients,AZ_PN-6
30023,FLAGSTAFF MEDICAL CENTER,1200 NORTH BEAVER STREET,FLAGSTAFF,AZ,86001,COCONINO,9287732009,Acute Care Hospitals,Voluntary non-profit - Private,Yes,Heart Attack,AMI-1,Heart Attack Patients Given Aspirin at Arrival,99%,82 patients,AZ_AMI-1
50090,SONOMA VALLEY HOSPITAL,347 ANDRIEUX ST,SONOMA,CA,95476,SONOMA,7079355106,Acute Care Hospitals,Government - Hospital District or Authority,Yes,Surgical Infection Prevention,SCIP-INF-6,surgery patients needing hair removed from the surgical area before surgery&#54; who had hair removed using a safer method (electric clippers or hair removal cream sC not a razor),100%,82 patients,CA_SCIP-INF-6
30123,SCOTTSDALE HEALTHCARE-THOMPSON PEAK HOSPITAL,7400 EAST THOMPSON PEAK PARKWAY,SCOTTSDALE,AZ,85255,MARICOPA,4803247004,Acute Care Hospitals,Proprietary,Yes,Pneumonia,PN-2,Pneumonia Patients Assessed and Given Pneumococcal Vaccination,88%,83 patients,AZ_PN-2
10149,BAPTIST MEDICAL CENTER EAST,400 TAYLOR ROAD,MONTGOMERY,AL,36117,MONTGOMERY,3342448330,Acute Care Hospitals,Voluntary non-profit - Private,Yes,Pneumonia,PN-6,Pneumonia Patients Given the Most Appropriate Initial Antibiotic(s),88%,83 patients,AL_PN-6
10087,UNIV OF SOUTH ALABAMA MEDICAL CENTER,2451 FILLINGIM STREET,MOBILE,AL,36617,MOBILE,2514717110,Acute Care Hospitals,Government - State,Yes,Heart Failure,HF-3,Heart Failure Patients Given ACE Inhibitor or ARB for Left Ventricular Systolic Dysfunction (LVSD),96%,84 patients,AL_HF-3
50232,FRENCH HOSPITAL MEDICAL CENTER,1911 JOHNSON AVE,SAN LUIS OBISPO,CA,93401,SAN LUIS OBISPO,8055435353,Acute Care Hospitals,Voluntary non-profit - Other,Yes,Surgical Infection Prevention,SCIP-CARD-2,surgery patients who were taking heart drugs called beta blockers before coming to the hospital&#54; who were kept on the beta blockers during the period just before and after their surgery,100%,84 patients,CA_SCIP-CARD-2
50111,TEMPLE COMMUNITY HOSPITAL,235 N HOOVER ST,LOS ANGELES,CA,90004,LOS ANGELES,2133827252,Acute Care Hospitals,Proprietary,No,Heart Failure,HF-1,Heart Failure Patients Given Discharge Instructions,100%,85 patients,CA_HF-1
30111,UNIVERSITY PHYSICIANS HEALTHCARE HOSPITAL AT KINO,2800 EAST AJO WAY,TUCSON,AZ,85713,PIMA,5202944471,Acute Care Hospitals,Voluntary non-profit - Private,Yes,Surgical Infection Prevention,SCIP-INF-1,surgery patients who were given an antibiotic at the right time (within one hour before surgery) to help prevent infection,78%,86 patients,AZ_SCIP-INF-1
30120,GILBERT HOSPITAL,5656 SOUTH POWER ROAD,GILBERT,AZ,85295,MARICOPA,4802795835,Acute Care Hospitals,Proprietary,No,Heart Failure,HF-2,Heart Failure Patients Given an Evaluation of Left Ventricular Systolic (LVS) Function,95%,87 patients,AZ_HF-2
50228,SAN FRANCISCO GENERAL HOSPITAL,1001 POTRERO AVENUE,SAN FRANCISCO,CA,94110,SAN FRANCISCO,4152068000,Acute Care Hospitals,Government - Local,Yes,Heart Attack,AMI-5,Heart Attack Patients Given Beta Blocker at Discharge,98%,88 patients,CA_AMI-5
50688,SAINT LOUISE REGIONAL HOSPITAL,9400 NO NAME UNO,GILROY,CA,95020,SANTA CLARA,4088482000,Acute Care Hospitals,Voluntary non-profit - Church,Yes,Pneumonia,PN-5C,Pneumonia Patients Given Initial Antibiotic(s) within 6 Hours After Arrival,100%,89 patients,CA_PN-5C
50008,DAVIES MEDICAL CENTER,CASTRO  DUBOCE STS,SAN FRANCISCO,CA,94114,SAN FRANCISCO,4156006000,Acute Care Hospitals,Voluntary non-profit - Other,Yes,Surgical Infection Prevention,SCIP-INF-3,surgery patients whose preventive antibiotics were stopped at the right time (within 24 hours after surgery),100%,9 patients,CA_SCIP-INF-3
10095,HALE COUNTY HOSPITAL,508 GREEN STREET,GREENSBORO,AL,36744,HALE,3346243024,Acute Care Hospitals,Voluntary non-profit - Other,No,Pneumonia,PN-7,Pneumonia Patients Assessed and Given Influenza Vaccination,22%,9 patients,AL_PN-7
50018,PACIFIC ALLIANCE MEDICAL CENTER,531 W COLLEGE ST,LOS ANGELES,CA,90012,LOS ANGELES,2136248411,Acute Care Hospitals,Proprietary,No,Pneumonia,PN-4,Pneumonia Patients Given Smoking Cessation Advice/Counseling,100%,9 patients,CA_PN-4
50096,DOCTORS HOSPITAL OF WEST COVINA; INC,725 S ORANGE AVE,WEST COVINA,CA,91790,LOS ANGELES,6263388481,Acute Care Hospitals,Proprietary,No,Surgical Infection Prevention,SCIP-VTE-2,patients who got treatment  at the right time (within 24 hours before or after their surgery) to help prevent blood clots after certain types of surgery,22%,9 patients,CA_SCIP-VTE-2
03012F,PHOENIX VA MEDICAL CENTER,650 E. INDIAN SCHOOL ROAD,PHOENIX,AZ,85012,MARICOPA,6022226444,Acute Care - VA Medical Center,Government Federal,No,Heart Failure,HF-3,Heart Failure Patients Given ACE Inhibitor or ARB for Left Ventricular Systolic Dysfunction (LVSD),98%,90 patients,AZ_HF-3
30115,BANNER ESTRELLA MEDICAL CENTER,9201 WEST THOMAS ROAD,PHOENIX,AZ,85037,MARICOPA,6233274000,Acute Care Hospitals,Voluntary non-profit - Private,Yes,Surgical Infection Prevention,SCIP-INF-4,all heart surgery patients whose blood sugar (blood glucose) is kept under good control in the days right after surgery,92%,91 patients,AZ_SCIP-INF-4
30065,BANNER DESERT MEDICAL CENTER,1400 SOUTH  DOBSON ROAD,MESA,AZ,85202,MARICOPA,4805123000,Acute Care Hospitals,Voluntary non-profit - Private,Yes,Surgical Infection Prevention,SCIP-CARD-2,surgery patients who were taking heart drugs called beta blockers before coming to the hospital&#54; who were kept on the beta blockers during the period just before and after their surgery,87%,92 patients,AZ_SCIP-CARD-2
30111,UNIVERSITY PHYSICIANS HEALTHCARE HOSPITAL AT KINO,2800 EAST AJO WAY,TUCSON,AZ,85713,PIMA,5202944471,Acute Care Hospitals,Voluntary non-profit - Private,Yes,Surgical Infection Prevention,SCIP-VTE-1,surgery patients whose doctors ordered treatments to prevent blood clots after certain types of surgeries,90%,92 patients,AZ_SCIP-VTE-1
50167,SAN JOAQUIN GENERAL HOSPITAL,500 W HOSPITAL ROAD,FRENCH CAMP,CA,95231,SAN JOAQUIN,2094686000,Acute Care Hospitals,Government - Local,Yes,Pneumonia,PN-3B,Pneumonia Patients Whose Initial Emergency Room Blood Culture Was Performed Prior To The Administration Of The First Hospital Dose Of Antibiotics,95%,93 patients,CA_PN-3B
50127,WOODLAND MEMORIAL HOSPITAL,1325 COTTONWOOD STREET,WOODLAND,CA,95695,YOLO,5306623961,Acute Care Hospitals,Voluntary non-profit - Other,Yes,Surgical Infection Prevention,SCIP-VTE-2,patients who got treatment  at the right time (within 24 hours before or after their surgery) to help prevent blood clots after certain types of surgery,91%,94 patients,CA_SCIP-VTE-2
30030,PHOENIX BAPTIST HOSPITAL,2000 WEST BETHANY HOME ROAD,PHOENIX,AZ,85015,MARICOPA,6022490212,Acute Care Hospitals,Proprietary,Yes,Pneumonia,PN-7,Pneumonia Patients Assessed and Given Influenza Vaccination,77%,95 patients,AZ_PN-7
50057,KAWEAH DELTA MEDICAL CENTER,400 W MINERAL KING AVE,VISALIA,CA,93291,TULARE,5596242000,Acute Care Hospitals,Government - Hospital District or Authority,Yes,Heart Attack,AMI-4,Heart Attack Patients Given Smoking Cessation Advice/Counseling,100%,96 patients,CA_AMI-4
10139,BROOKWOOD MEDICAL CENTER,2010 BROOKWOOD MEDICAL CENTER DRIVE,BIRMINGHAM,AL,35209,JEFFERSON,2058771000,Acute Care Hospitals,Proprietary,Yes,Heart Failure,HF-3,Heart Failure Patients Given ACE Inhibitor or ARB for Left Ventricular Systolic Dysfunction (LVSD),95%,97 patients,AL_HF-3
50137,KAISER FOUNDATION HOSPITAL - PANORAMA CITY,13652 CANTARA ST,PANORAMA CITY,CA,91402,LOS ANGELES,8183753333,Acute Care Hospitals,Voluntary non-profit - Private,Yes,Pneumonia,PN-6,Pneumonia Patients Given the Most Appropriate Initial Antibiotic(s),93%,98 patients,CA_PN-6
30061,BANNER BOSWELL MEDICAL CENTER,10401 WEST THUNDERBIRD BOULEVARD,SUN CITY,AZ,85351,MARICOPA,6239777211,Acute Care Hospitals,Voluntary non-profit - Other,Yes,Pneumonia,PN-7,Pneumonia Patients Assessed and Given Influenza Vaccination,89%,99 patients,AZ_PN-7
